dataset,model,graph_mode,seeding,technique,seed,n_parameters,accuracy,macro_f1,weighted_f1,macro_precision,macro_recall
BasicMotions,a3tgcn,adaptive_nosvd_binary,noSVD,binary,42,105899,1.0,1.0,1.0,1.0,1.0
BasicMotions,a3tgcn,adaptive_nosvd_binary,noSVD,binary,123,105899,1.0,1.0,1.0,1.0,1.0
BasicMotions,a3tgcn,adaptive_nosvd_binary,noSVD,binary,456,105899,0.975,0.974937343358396,0.974937343358396,0.9772727272727272,0.975
BasicMotions,a3tgcn,adaptive_nosvd_binary,noSVD,binary,789,105899,1.0,1.0,1.0,1.0,1.0
BasicMotions,a3tgcn,adaptive_nosvd_binary,noSVD,binary,1024,105899,1.0,1.0,1.0,1.0,1.0
BasicMotions,a3tgcn,adaptive_nosvd_correlation,noSVD,correlation,42,105899,0.975,0.974937343358396,0.974937343358396,0.9772727272727272,0.975
BasicMotions,a3tgcn,adaptive_nosvd_correlation,noSVD,correlation,123,105899,1.0,1.0,1.0,1.0,1.0
BasicMotions,a3tgcn,adaptive_nosvd_correlation,noSVD,correlation,456,105899,1.0,1.0,1.0,1.0,1.0
BasicMotions,a3tgcn,adaptive_nosvd_correlation,noSVD,correlation,789,105899,1.0,1.0,1.0,1.0,1.0
BasicMotions,a3tgcn,adaptive_nosvd_correlation,noSVD,correlation,1024,105899,1.0,1.0,1.0,1.0,1.0
BasicMotions,a3tgcn,adaptive_nosvd_dtw,noSVD,dtw,42,105899,1.0,1.0,1.0,1.0,1.0
BasicMotions,a3tgcn,adaptive_nosvd_dtw,noSVD,dtw,123,105899,1.0,1.0,1.0,1.0,1.0
BasicMotions,a3tgcn,adaptive_nosvd_dtw,noSVD,dtw,456,105899,0.975,0.974937343358396,0.974937343358396,0.9772727272727272,0.975
BasicMotions,a3tgcn,adaptive_nosvd_dtw,noSVD,dtw,789,105899,1.0,1.0,1.0,1.0,1.0
BasicMotions,a3tgcn,adaptive_nosvd_dtw,noSVD,dtw,1024,105899,1.0,1.0,1.0,1.0,1.0
BasicMotions,a3tgcn,adaptive_nosvd_knn,noSVD,knn,42,105899,1.0,1.0,1.0,1.0,1.0
BasicMotions,a3tgcn,adaptive_nosvd_knn,noSVD,knn,123,105899,1.0,1.0,1.0,1.0,1.0
BasicMotions,a3tgcn,adaptive_nosvd_knn,noSVD,knn,456,105899,1.0,1.0,1.0,1.0,1.0
BasicMotions,a3tgcn,adaptive_nosvd_knn,noSVD,knn,789,105899,1.0,1.0,1.0,1.0,1.0
BasicMotions,a3tgcn,adaptive_nosvd_knn,noSVD,knn,1024,105899,0.975,0.974937343358396,0.974937343358396,0.9772727272727272,0.975
BasicMotions,dcrnn,adaptive_nosvd_binary,noSVD,binary,42,204073,1.0,1.0,1.0,1.0,1.0
BasicMotions,dcrnn,adaptive_nosvd_binary,noSVD,binary,123,204073,1.0,1.0,1.0,1.0,1.0
BasicMotions,dcrnn,adaptive_nosvd_binary,noSVD,binary,456,204073,0.975,0.974937343358396,0.974937343358396,0.9772727272727272,0.975
BasicMotions,dcrnn,adaptive_nosvd_binary,noSVD,binary,789,204073,1.0,1.0,1.0,1.0,1.0
BasicMotions,dcrnn,adaptive_nosvd_binary,noSVD,binary,1024,204073,1.0,1.0,1.0,1.0,1.0
BasicMotions,dcrnn,adaptive_nosvd_correlation,noSVD,correlation,42,204073,1.0,1.0,1.0,1.0,1.0
BasicMotions,dcrnn,adaptive_nosvd_correlation,noSVD,correlation,123,204073,1.0,1.0,1.0,1.0,1.0
BasicMotions,dcrnn,adaptive_nosvd_correlation,noSVD,correlation,456,204073,0.975,0.974937343358396,0.974937343358396,0.9772727272727272,0.975
BasicMotions,dcrnn,adaptive_nosvd_correlation,noSVD,correlation,789,204073,1.0,1.0,1.0,1.0,1.0
BasicMotions,dcrnn,adaptive_nosvd_correlation,noSVD,correlation,1024,204073,1.0,1.0,1.0,1.0,1.0
BasicMotions,dcrnn,adaptive_nosvd_dtw,noSVD,dtw,42,204073,1.0,1.0,1.0,1.0,1.0
BasicMotions,dcrnn,adaptive_nosvd_dtw,noSVD,dtw,123,204073,1.0,1.0,1.0,1.0,1.0
BasicMotions,dcrnn,adaptive_nosvd_dtw,noSVD,dtw,456,204073,0.975,0.974937343358396,0.974937343358396,0.9772727272727272,0.975
BasicMotions,dcrnn,adaptive_nosvd_dtw,noSVD,dtw,789,204073,1.0,1.0,1.0,1.0,1.0
BasicMotions,dcrnn,adaptive_nosvd_dtw,noSVD,dtw,1024,204073,1.0,1.0,1.0,1.0,1.0
BasicMotions,dcrnn,adaptive_nosvd_knn,noSVD,knn,42,204073,1.0,1.0,1.0,1.0,1.0
BasicMotions,dcrnn,adaptive_nosvd_knn,noSVD,knn,123,204073,1.0,1.0,1.0,1.0,1.0
BasicMotions,dcrnn,adaptive_nosvd_knn,noSVD,knn,456,204073,1.0,1.0,1.0,1.0,1.0
BasicMotions,dcrnn,adaptive_nosvd_knn,noSVD,knn,789,204073,0.95,0.9494949494949496,0.9494949494949496,0.9583333333333334,0.95
BasicMotions,dcrnn,adaptive_nosvd_knn,noSVD,knn,1024,204073,1.0,1.0,1.0,1.0,1.0
BasicMotions,gconv_gru,adaptive_nosvd_binary,noSVD,binary,42,105769,0.975,0.974937343358396,0.974937343358396,0.9772727272727272,0.975
BasicMotions,gconv_gru,adaptive_nosvd_binary,noSVD,binary,123,105769,1.0,1.0,1.0,1.0,1.0
BasicMotions,gconv_gru,adaptive_nosvd_binary,noSVD,binary,456,105769,1.0,1.0,1.0,1.0,1.0
BasicMotions,gconv_gru,adaptive_nosvd_binary,noSVD,binary,789,105769,1.0,1.0,1.0,1.0,1.0
BasicMotions,gconv_gru,adaptive_nosvd_binary,noSVD,binary,1024,105769,1.0,1.0,1.0,1.0,1.0
BasicMotions,gconv_gru,adaptive_nosvd_correlation,noSVD,correlation,42,105769,0.975,0.974937343358396,0.974937343358396,0.9772727272727272,0.975
BasicMotions,gconv_gru,adaptive_nosvd_correlation,noSVD,correlation,123,105769,1.0,1.0,1.0,1.0,1.0
BasicMotions,gconv_gru,adaptive_nosvd_correlation,noSVD,correlation,456,105769,1.0,1.0,1.0,1.0,1.0
BasicMotions,gconv_gru,adaptive_nosvd_correlation,noSVD,correlation,789,105769,1.0,1.0,1.0,1.0,1.0
BasicMotions,gconv_gru,adaptive_nosvd_correlation,noSVD,correlation,1024,105769,1.0,1.0,1.0,1.0,1.0
BasicMotions,gconv_gru,adaptive_nosvd_dtw,noSVD,dtw,42,105769,0.975,0.974937343358396,0.974937343358396,0.9772727272727272,0.975
BasicMotions,gconv_gru,adaptive_nosvd_dtw,noSVD,dtw,123,105769,1.0,1.0,1.0,1.0,1.0
BasicMotions,gconv_gru,adaptive_nosvd_dtw,noSVD,dtw,456,105769,1.0,1.0,1.0,1.0,1.0
BasicMotions,gconv_gru,adaptive_nosvd_dtw,noSVD,dtw,789,105769,1.0,1.0,1.0,1.0,1.0
BasicMotions,gconv_gru,adaptive_nosvd_dtw,noSVD,dtw,1024,105769,1.0,1.0,1.0,1.0,1.0
BasicMotions,gconv_gru,adaptive_nosvd_knn,noSVD,knn,42,105769,0.975,0.974937343358396,0.974937343358396,0.9772727272727272,0.975
BasicMotions,gconv_gru,adaptive_nosvd_knn,noSVD,knn,123,105769,1.0,1.0,1.0,1.0,1.0
BasicMotions,gconv_gru,adaptive_nosvd_knn,noSVD,knn,456,105769,1.0,1.0,1.0,1.0,1.0
BasicMotions,gconv_gru,adaptive_nosvd_knn,noSVD,knn,789,105769,0.975,0.974937343358396,0.974937343358396,0.9772727272727272,0.975
BasicMotions,gconv_gru,adaptive_nosvd_knn,noSVD,knn,1024,105769,1.0,1.0,1.0,1.0,1.0
BasicMotions,gconv_lstm,adaptive_nosvd_binary,noSVD,binary,42,138665,1.0,1.0,1.0,1.0,1.0
BasicMotions,gconv_lstm,adaptive_nosvd_binary,noSVD,binary,123,138665,1.0,1.0,1.0,1.0,1.0
BasicMotions,gconv_lstm,adaptive_nosvd_binary,noSVD,binary,456,138665,1.0,1.0,1.0,1.0,1.0
BasicMotions,gconv_lstm,adaptive_nosvd_binary,noSVD,binary,789,138665,0.975,0.974937343358396,0.974937343358396,0.9772727272727272,0.975
BasicMotions,gconv_lstm,adaptive_nosvd_binary,noSVD,binary,1024,138665,0.95,0.949937343358396,0.949937343358396,0.9522727272727272,0.95
BasicMotions,gconv_lstm,adaptive_nosvd_correlation,noSVD,correlation,42,138665,1.0,1.0,1.0,1.0,1.0
BasicMotions,gconv_lstm,adaptive_nosvd_correlation,noSVD,correlation,123,138665,1.0,1.0,1.0,1.0,1.0
BasicMotions,gconv_lstm,adaptive_nosvd_correlation,noSVD,correlation,456,138665,1.0,1.0,1.0,1.0,1.0
BasicMotions,gconv_lstm,adaptive_nosvd_correlation,noSVD,correlation,789,138665,1.0,1.0,1.0,1.0,1.0
BasicMotions,gconv_lstm,adaptive_nosvd_correlation,noSVD,correlation,1024,138665,1.0,1.0,1.0,1.0,1.0
BasicMotions,gconv_lstm,adaptive_nosvd_dtw,noSVD,dtw,42,138665,1.0,1.0,1.0,1.0,1.0
BasicMotions,gconv_lstm,adaptive_nosvd_dtw,noSVD,dtw,123,138665,1.0,1.0,1.0,1.0,1.0
BasicMotions,gconv_lstm,adaptive_nosvd_dtw,noSVD,dtw,456,138665,1.0,1.0,1.0,1.0,1.0
BasicMotions,gconv_lstm,adaptive_nosvd_dtw,noSVD,dtw,789,138665,0.975,0.974937343358396,0.974937343358396,0.9772727272727272,0.975
BasicMotions,gconv_lstm,adaptive_nosvd_dtw,noSVD,dtw,1024,138665,0.95,0.949937343358396,0.949937343358396,0.9522727272727272,0.95
BasicMotions,gconv_lstm,adaptive_nosvd_knn,noSVD,knn,42,138665,1.0,1.0,1.0,1.0,1.0
BasicMotions,gconv_lstm,adaptive_nosvd_knn,noSVD,knn,123,138665,0.975,0.974937343358396,0.974937343358396,0.9772727272727272,0.975
BasicMotions,gconv_lstm,adaptive_nosvd_knn,noSVD,knn,456,138665,1.0,1.0,1.0,1.0,1.0
BasicMotions,gconv_lstm,adaptive_nosvd_knn,noSVD,knn,789,138665,1.0,1.0,1.0,1.0,1.0
BasicMotions,gconv_lstm,adaptive_nosvd_knn,noSVD,knn,1024,138665,1.0,1.0,1.0,1.0,1.0
BasicMotions,hybrid_tgnn,adaptive_nosvd_binary,noSVD,binary,42,105770,1.0,1.0,1.0,1.0,1.0
BasicMotions,hybrid_tgnn,adaptive_nosvd_binary,noSVD,binary,123,105770,0.975,0.974937343358396,0.974937343358396,0.9772727272727272,0.975
BasicMotions,hybrid_tgnn,adaptive_nosvd_binary,noSVD,binary,456,105770,1.0,1.0,1.0,1.0,1.0
BasicMotions,hybrid_tgnn,adaptive_nosvd_binary,noSVD,binary,789,105770,1.0,1.0,1.0,1.0,1.0
BasicMotions,hybrid_tgnn,adaptive_nosvd_binary,noSVD,binary,1024,105770,1.0,1.0,1.0,1.0,1.0
BasicMotions,hybrid_tgnn,adaptive_nosvd_correlation,noSVD,correlation,42,105770,1.0,1.0,1.0,1.0,1.0
BasicMotions,hybrid_tgnn,adaptive_nosvd_correlation,noSVD,correlation,123,105770,1.0,1.0,1.0,1.0,1.0
BasicMotions,hybrid_tgnn,adaptive_nosvd_correlation,noSVD,correlation,456,105770,1.0,1.0,1.0,1.0,1.0
BasicMotions,hybrid_tgnn,adaptive_nosvd_correlation,noSVD,correlation,789,105770,1.0,1.0,1.0,1.0,1.0
BasicMotions,hybrid_tgnn,adaptive_nosvd_correlation,noSVD,correlation,1024,105770,1.0,1.0,1.0,1.0,1.0
BasicMotions,hybrid_tgnn,adaptive_nosvd_dtw,noSVD,dtw,42,105770,1.0,1.0,1.0,1.0,1.0
BasicMotions,hybrid_tgnn,adaptive_nosvd_dtw,noSVD,dtw,123,105770,1.0,1.0,1.0,1.0,1.0
BasicMotions,hybrid_tgnn,adaptive_nosvd_dtw,noSVD,dtw,456,105770,1.0,1.0,1.0,1.0,1.0
BasicMotions,hybrid_tgnn,adaptive_nosvd_dtw,noSVD,dtw,789,105770,1.0,1.0,1.0,1.0,1.0
BasicMotions,hybrid_tgnn,adaptive_nosvd_dtw,noSVD,dtw,1024,105770,0.975,0.974937343358396,0.974937343358396,0.9772727272727272,0.975
BasicMotions,hybrid_tgnn,adaptive_nosvd_knn,noSVD,knn,42,105770,1.0,1.0,1.0,1.0,1.0
BasicMotions,hybrid_tgnn,adaptive_nosvd_knn,noSVD,knn,123,105770,1.0,1.0,1.0,1.0,1.0
BasicMotions,hybrid_tgnn,adaptive_nosvd_knn,noSVD,knn,456,105770,1.0,1.0,1.0,1.0,1.0
BasicMotions,hybrid_tgnn,adaptive_nosvd_knn,noSVD,knn,789,105770,1.0,1.0,1.0,1.0,1.0
BasicMotions,hybrid_tgnn,adaptive_nosvd_knn,noSVD,knn,1024,105770,1.0,1.0,1.0,1.0,1.0
BasicMotions,a3tgcn,random_predef_seed1024,,none,1024,105863,0.975,0.974937343358396,0.974937343358396,0.9772727272727272,0.975
BasicMotions,a3tgcn,random_predef_seed123,,none,123,105863,1.0,1.0,1.0,1.0,1.0
BasicMotions,a3tgcn,random_predef_seed42,,none,42,105863,0.975,0.974937343358396,0.974937343358396,0.9772727272727272,0.975
BasicMotions,a3tgcn,random_predef_seed456,,none,456,105863,0.975,0.974937343358396,0.974937343358396,0.9772727272727272,0.975
BasicMotions,a3tgcn,random_predef_seed789,,none,789,105863,1.0,1.0,1.0,1.0,1.0
BasicMotions,dcrnn,random_predef_seed1024,,none,1024,204037,1.0,1.0,1.0,1.0,1.0
BasicMotions,dcrnn,random_predef_seed123,,none,123,204037,1.0,1.0,1.0,1.0,1.0
BasicMotions,dcrnn,random_predef_seed42,,none,42,204037,0.975,0.974937343358396,0.974937343358396,0.9772727272727272,0.975
BasicMotions,dcrnn,random_predef_seed456,,none,456,204037,1.0,1.0,1.0,1.0,1.0
BasicMotions,dcrnn,random_predef_seed789,,none,789,204037,1.0,1.0,1.0,1.0,1.0
BasicMotions,gconv_gru,random_predef_seed1024,,none,1024,105733,1.0,1.0,1.0,1.0,1.0
BasicMotions,gconv_gru,random_predef_seed123,,none,123,105733,1.0,1.0,1.0,1.0,1.0
BasicMotions,gconv_gru,random_predef_seed42,,none,42,105733,1.0,1.0,1.0,1.0,1.0
BasicMotions,gconv_gru,random_predef_seed456,,none,456,105733,1.0,1.0,1.0,1.0,1.0
BasicMotions,gconv_gru,random_predef_seed789,,none,789,105733,1.0,1.0,1.0,1.0,1.0
BasicMotions,gconv_lstm,random_predef_seed1024,,none,1024,138629,0.975,0.974937343358396,0.974937343358396,0.9772727272727272,0.975
BasicMotions,gconv_lstm,random_predef_seed123,,none,123,138629,1.0,1.0,1.0,1.0,1.0
BasicMotions,gconv_lstm,random_predef_seed42,,none,42,138629,0.975,0.974937343358396,0.974937343358396,0.9772727272727272,0.975
BasicMotions,gconv_lstm,random_predef_seed456,,none,456,138629,1.0,1.0,1.0,1.0,1.0
BasicMotions,gconv_lstm,random_predef_seed789,,none,789,138629,1.0,1.0,1.0,1.0,1.0
BasicMotions,hybrid_tgnn,random_predef_seed1024,,none,1024,105926,1.0,1.0,1.0,1.0,1.0
BasicMotions,hybrid_tgnn,random_predef_seed123,,none,123,105926,1.0,1.0,1.0,1.0,1.0
BasicMotions,hybrid_tgnn,random_predef_seed42,,none,42,105926,1.0,1.0,1.0,1.0,1.0
BasicMotions,hybrid_tgnn,random_predef_seed456,,none,456,105926,1.0,1.0,1.0,1.0,1.0
BasicMotions,hybrid_tgnn,random_predef_seed789,,none,789,105926,1.0,1.0,1.0,1.0,1.0
BasicMotions,a3tgcn,adaptive_nosvd_random_predef_seed1024,noSVD,none,1024,105899,1.0,1.0,1.0,1.0,1.0
BasicMotions,a3tgcn,adaptive_nosvd_random_predef_seed123,noSVD,none,123,105899,1.0,1.0,1.0,1.0,1.0
BasicMotions,a3tgcn,adaptive_nosvd_random_predef_seed42,noSVD,none,42,105899,1.0,1.0,1.0,1.0,1.0
BasicMotions,a3tgcn,adaptive_nosvd_random_predef_seed456,noSVD,none,456,105899,1.0,1.0,1.0,1.0,1.0
BasicMotions,a3tgcn,adaptive_nosvd_random_predef_seed789,noSVD,none,789,105899,1.0,1.0,1.0,1.0,1.0
BasicMotions,a3tgcn,adaptive_random_predef_seed1024,SVD,none,1024,106055,0.925,0.9232736572890023,0.9232736572890026,0.9423076923076924,0.925
BasicMotions,a3tgcn,adaptive_random_predef_seed123,SVD,none,123,106055,1.0,1.0,1.0,1.0,1.0
BasicMotions,a3tgcn,adaptive_random_predef_seed42,SVD,none,42,106055,1.0,1.0,1.0,1.0,1.0
BasicMotions,a3tgcn,adaptive_random_predef_seed456,SVD,none,456,106055,1.0,1.0,1.0,1.0,1.0
BasicMotions,a3tgcn,adaptive_random_predef_seed789,SVD,none,789,106055,1.0,1.0,1.0,1.0,1.0
BasicMotions,dcrnn,adaptive_nosvd_random_predef_seed1024,noSVD,none,1024,204073,1.0,1.0,1.0,1.0,1.0
BasicMotions,dcrnn,adaptive_nosvd_random_predef_seed123,noSVD,none,123,204073,1.0,1.0,1.0,1.0,1.0
BasicMotions,dcrnn,adaptive_nosvd_random_predef_seed42,noSVD,none,42,204073,1.0,1.0,1.0,1.0,1.0
BasicMotions,dcrnn,adaptive_nosvd_random_predef_seed456,noSVD,none,456,204073,1.0,1.0,1.0,1.0,1.0
BasicMotions,dcrnn,adaptive_nosvd_random_predef_seed789,noSVD,none,789,204073,1.0,1.0,1.0,1.0,1.0
BasicMotions,dcrnn,adaptive_random_predef_seed1024,SVD,none,1024,204229,1.0,1.0,1.0,1.0,1.0
BasicMotions,dcrnn,adaptive_random_predef_seed123,SVD,none,123,204229,1.0,1.0,1.0,1.0,1.0
BasicMotions,dcrnn,adaptive_random_predef_seed42,SVD,none,42,204229,1.0,1.0,1.0,1.0,1.0
BasicMotions,dcrnn,adaptive_random_predef_seed456,SVD,none,456,204229,1.0,1.0,1.0,1.0,1.0
BasicMotions,dcrnn,adaptive_random_predef_seed789,SVD,none,789,204229,1.0,1.0,1.0,1.0,1.0
BasicMotions,gconv_gru,adaptive_nosvd_random_predef_seed1024,noSVD,none,1024,105769,1.0,1.0,1.0,1.0,1.0
BasicMotions,gconv_gru,adaptive_nosvd_random_predef_seed123,noSVD,none,123,105769,1.0,1.0,1.0,1.0,1.0
BasicMotions,gconv_gru,adaptive_nosvd_random_predef_seed42,noSVD,none,42,105769,1.0,1.0,1.0,1.0,1.0
BasicMotions,gconv_gru,adaptive_nosvd_random_predef_seed456,noSVD,none,456,105769,1.0,1.0,1.0,1.0,1.0
BasicMotions,gconv_gru,adaptive_nosvd_random_predef_seed789,noSVD,none,789,105769,1.0,1.0,1.0,1.0,1.0
BasicMotions,gconv_gru,adaptive_random_predef_seed1024,SVD,none,1024,105925,1.0,1.0,1.0,1.0,1.0
BasicMotions,gconv_gru,adaptive_random_predef_seed123,SVD,none,123,105925,1.0,1.0,1.0,1.0,1.0
BasicMotions,gconv_gru,adaptive_random_predef_seed42,SVD,none,42,105925,0.975,0.974937343358396,0.974937343358396,0.9772727272727272,0.975
BasicMotions,gconv_gru,adaptive_random_predef_seed456,SVD,none,456,105925,1.0,1.0,1.0,1.0,1.0
BasicMotions,gconv_gru,adaptive_random_predef_seed789,SVD,none,789,105925,0.975,0.974937343358396,0.974937343358396,0.9772727272727272,0.975
BasicMotions,gconv_lstm,adaptive_nosvd_random_predef_seed1024,noSVD,none,1024,138665,1.0,1.0,1.0,1.0,1.0
BasicMotions,gconv_lstm,adaptive_nosvd_random_predef_seed123,noSVD,none,123,138665,1.0,1.0,1.0,1.0,1.0
BasicMotions,gconv_lstm,adaptive_nosvd_random_predef_seed42,noSVD,none,42,138665,1.0,1.0,1.0,1.0,1.0
BasicMotions,gconv_lstm,adaptive_nosvd_random_predef_seed456,noSVD,none,456,138665,0.975,0.974937343358396,0.974937343358396,0.9772727272727272,0.975
BasicMotions,gconv_lstm,adaptive_nosvd_random_predef_seed789,noSVD,none,789,138665,1.0,1.0,1.0,1.0,1.0
BasicMotions,gconv_lstm,adaptive_random_predef_seed1024,SVD,none,1024,138821,1.0,1.0,1.0,1.0,1.0
BasicMotions,gconv_lstm,adaptive_random_predef_seed123,SVD,none,123,138821,1.0,1.0,1.0,1.0,1.0
BasicMotions,gconv_lstm,adaptive_random_predef_seed42,SVD,none,42,138821,0.975,0.974937343358396,0.974937343358396,0.9772727272727272,0.975
BasicMotions,gconv_lstm,adaptive_random_predef_seed456,SVD,none,456,138821,1.0,1.0,1.0,1.0,1.0
BasicMotions,gconv_lstm,adaptive_random_predef_seed789,SVD,none,789,138821,1.0,1.0,1.0,1.0,1.0
BasicMotions,hybrid_tgnn,adaptive_nosvd_random_predef_seed1024,noSVD,none,1024,105770,1.0,1.0,1.0,1.0,1.0
BasicMotions,hybrid_tgnn,adaptive_nosvd_random_predef_seed123,noSVD,none,123,105770,1.0,1.0,1.0,1.0,1.0
BasicMotions,hybrid_tgnn,adaptive_nosvd_random_predef_seed42,noSVD,none,42,105770,1.0,1.0,1.0,1.0,1.0
BasicMotions,hybrid_tgnn,adaptive_nosvd_random_predef_seed456,noSVD,none,456,105770,1.0,1.0,1.0,1.0,1.0
BasicMotions,hybrid_tgnn,adaptive_nosvd_random_predef_seed789,noSVD,none,789,105770,0.975,0.974937343358396,0.974937343358396,0.9772727272727272,0.975
BasicMotions,hybrid_tgnn,adaptive_random_predef_seed1024,SVD,none,1024,105926,1.0,1.0,1.0,1.0,1.0
BasicMotions,hybrid_tgnn,adaptive_random_predef_seed123,SVD,none,123,105926,1.0,1.0,1.0,1.0,1.0
BasicMotions,hybrid_tgnn,adaptive_random_predef_seed42,SVD,none,42,105926,0.975,0.974937343358396,0.974937343358396,0.9772727272727272,0.975
BasicMotions,hybrid_tgnn,adaptive_random_predef_seed456,SVD,none,456,105926,1.0,1.0,1.0,1.0,1.0
BasicMotions,hybrid_tgnn,adaptive_random_predef_seed789,SVD,none,789,105926,1.0,1.0,1.0,1.0,1.0
BasicMotions,a3tgcn,adaptive_correlation_mean,SVD,correlation,42,106055,1.0,1.0,1.0,1.0,1.0
BasicMotions,a3tgcn,adaptive_correlation_mean,SVD,correlation,123,106055,1.0,1.0,1.0,1.0,1.0
BasicMotions,a3tgcn,adaptive_correlation_mean,SVD,correlation,456,106055,1.0,1.0,1.0,1.0,1.0
BasicMotions,a3tgcn,adaptive_correlation_mean,SVD,correlation,789,106055,1.0,1.0,1.0,1.0,1.0
BasicMotions,a3tgcn,adaptive_correlation_mean,SVD,correlation,1024,106055,1.0,1.0,1.0,1.0,1.0
BasicMotions,a3tgcn,adaptive_correlation_meanstd,SVD,correlation,42,106055,1.0,1.0,1.0,1.0,1.0
BasicMotions,a3tgcn,adaptive_correlation_meanstd,SVD,correlation,123,106055,0.975,0.974937343358396,0.974937343358396,0.9772727272727272,0.975
BasicMotions,a3tgcn,adaptive_correlation_meanstd,SVD,correlation,456,106055,1.0,1.0,1.0,1.0,1.0
BasicMotions,a3tgcn,adaptive_correlation_meanstd,SVD,correlation,789,106055,0.975,0.974937343358396,0.974937343358396,0.9772727272727272,0.975
BasicMotions,a3tgcn,adaptive_correlation_meanstd,SVD,correlation,1024,106055,1.0,1.0,1.0,1.0,1.0
BasicMotions,a3tgcn,adaptive_correlation_nothresh,SVD,correlation,42,106055,1.0,1.0,1.0,1.0,1.0
BasicMotions,a3tgcn,adaptive_correlation_nothresh,SVD,correlation,123,106055,1.0,1.0,1.0,1.0,1.0
BasicMotions,a3tgcn,adaptive_correlation_nothresh,SVD,correlation,456,106055,0.975,0.974937343358396,0.974937343358396,0.9772727272727272,0.975
BasicMotions,a3tgcn,adaptive_correlation_nothresh,SVD,correlation,789,106055,1.0,1.0,1.0,1.0,1.0
BasicMotions,a3tgcn,adaptive_correlation_nothresh,SVD,correlation,1024,106055,1.0,1.0,1.0,1.0,1.0
BasicMotions,a3tgcn,adaptive_correlation_top50,SVD,correlation,42,106055,0.975,0.974937343358396,0.974937343358396,0.9772727272727272,0.975
BasicMotions,a3tgcn,adaptive_correlation_top50,SVD,correlation,123,106055,1.0,1.0,1.0,1.0,1.0
BasicMotions,a3tgcn,adaptive_correlation_top50,SVD,correlation,456,106055,0.975,0.974937343358396,0.974937343358396,0.9772727272727272,0.975
BasicMotions,a3tgcn,adaptive_correlation_top50,SVD,correlation,789,106055,1.0,1.0,1.0,1.0,1.0
BasicMotions,a3tgcn,adaptive_correlation_top50,SVD,correlation,1024,106055,1.0,1.0,1.0,1.0,1.0
BasicMotions,a3tgcn,adaptive_nosvd_correlation_mean,noSVD,correlation,42,105899,1.0,1.0,1.0,1.0,1.0
BasicMotions,a3tgcn,adaptive_nosvd_correlation_mean,noSVD,correlation,123,105899,1.0,1.0,1.0,1.0,1.0
BasicMotions,a3tgcn,adaptive_nosvd_correlation_mean,noSVD,correlation,456,105899,0.975,0.974937343358396,0.974937343358396,0.9772727272727272,0.975
BasicMotions,a3tgcn,adaptive_nosvd_correlation_mean,noSVD,correlation,789,105899,0.975,0.974937343358396,0.974937343358396,0.9772727272727272,0.975
BasicMotions,a3tgcn,adaptive_nosvd_correlation_mean,noSVD,correlation,1024,105899,0.975,0.974937343358396,0.974937343358396,0.9772727272727272,0.975
BasicMotions,a3tgcn,adaptive_nosvd_correlation_meanstd,noSVD,correlation,42,105899,1.0,1.0,1.0,1.0,1.0
BasicMotions,a3tgcn,adaptive_nosvd_correlation_meanstd,noSVD,correlation,123,105899,1.0,1.0,1.0,1.0,1.0
BasicMotions,a3tgcn,adaptive_nosvd_correlation_meanstd,noSVD,correlation,456,105899,0.975,0.974937343358396,0.974937343358396,0.9772727272727272,0.975
BasicMotions,a3tgcn,adaptive_nosvd_correlation_meanstd,noSVD,correlation,789,105899,1.0,1.0,1.0,1.0,1.0
BasicMotions,a3tgcn,adaptive_nosvd_correlation_meanstd,noSVD,correlation,1024,105899,1.0,1.0,1.0,1.0,1.0
BasicMotions,a3tgcn,adaptive_nosvd_correlation_nothresh,noSVD,correlation,42,105899,1.0,1.0,1.0,1.0,1.0
BasicMotions,a3tgcn,adaptive_nosvd_correlation_nothresh,noSVD,correlation,123,105899,1.0,1.0,1.0,1.0,1.0
BasicMotions,a3tgcn,adaptive_nosvd_correlation_nothresh,noSVD,correlation,456,105899,0.975,0.974937343358396,0.974937343358396,0.9772727272727272,0.975
BasicMotions,a3tgcn,adaptive_nosvd_correlation_nothresh,noSVD,correlation,789,105899,1.0,1.0,1.0,1.0,1.0
BasicMotions,a3tgcn,adaptive_nosvd_correlation_nothresh,noSVD,correlation,1024,105899,1.0,1.0,1.0,1.0,1.0
BasicMotions,a3tgcn,adaptive_nosvd_correlation_top50,noSVD,correlation,42,105899,1.0,1.0,1.0,1.0,1.0
BasicMotions,a3tgcn,adaptive_nosvd_correlation_top50,noSVD,correlation,123,105899,1.0,1.0,1.0,1.0,1.0
BasicMotions,a3tgcn,adaptive_nosvd_correlation_top50,noSVD,correlation,456,105899,1.0,1.0,1.0,1.0,1.0
BasicMotions,a3tgcn,adaptive_nosvd_correlation_top50,noSVD,correlation,789,105899,1.0,1.0,1.0,1.0,1.0
BasicMotions,a3tgcn,adaptive_nosvd_correlation_top50,noSVD,correlation,1024,105899,0.975,0.974937343358396,0.974937343358396,0.9772727272727272,0.975
BasicMotions,a3tgcn,predefined_correlation_mean,,correlation,42,105863,1.0,1.0,1.0,1.0,1.0
BasicMotions,a3tgcn,predefined_correlation_mean,,correlation,123,105863,1.0,1.0,1.0,1.0,1.0
BasicMotions,a3tgcn,predefined_correlation_mean,,correlation,456,105863,0.975,0.974937343358396,0.974937343358396,0.9772727272727272,0.975
BasicMotions,a3tgcn,predefined_correlation_mean,,correlation,789,105863,1.0,1.0,1.0,1.0,1.0
BasicMotions,a3tgcn,predefined_correlation_mean,,correlation,1024,105863,1.0,1.0,1.0,1.0,1.0
BasicMotions,a3tgcn,predefined_correlation_meanstd,,correlation,42,105863,1.0,1.0,1.0,1.0,1.0
BasicMotions,a3tgcn,predefined_correlation_meanstd,,correlation,123,105863,1.0,1.0,1.0,1.0,1.0
BasicMotions,a3tgcn,predefined_correlation_meanstd,,correlation,456,105863,1.0,1.0,1.0,1.0,1.0
BasicMotions,a3tgcn,predefined_correlation_meanstd,,correlation,789,105863,1.0,1.0,1.0,1.0,1.0
BasicMotions,a3tgcn,predefined_correlation_meanstd,,correlation,1024,105863,0.975,0.974937343358396,0.974937343358396,0.9772727272727272,0.975
BasicMotions,a3tgcn,predefined_correlation_nothresh,,correlation,42,105863,0.95,0.95,0.95,0.95,0.95
BasicMotions,a3tgcn,predefined_correlation_nothresh,,correlation,123,105863,1.0,1.0,1.0,1.0,1.0
BasicMotions,a3tgcn,predefined_correlation_nothresh,,correlation,456,105863,1.0,1.0,1.0,1.0,1.0
BasicMotions,a3tgcn,predefined_correlation_nothresh,,correlation,789,105863,1.0,1.0,1.0,1.0,1.0
BasicMotions,a3tgcn,predefined_correlation_nothresh,,correlation,1024,105863,1.0,1.0,1.0,1.0,1.0
BasicMotions,a3tgcn,predefined_correlation_top50,,correlation,42,105863,0.95,0.949937343358396,0.949937343358396,0.9522727272727272,0.95
BasicMotions,a3tgcn,predefined_correlation_top50,,correlation,123,105863,1.0,1.0,1.0,1.0,1.0
BasicMotions,a3tgcn,predefined_correlation_top50,,correlation,456,105863,1.0,1.0,1.0,1.0,1.0
BasicMotions,a3tgcn,predefined_correlation_top50,,correlation,789,105863,1.0,1.0,1.0,1.0,1.0
BasicMotions,a3tgcn,predefined_correlation_top50,,correlation,1024,105863,1.0,1.0,1.0,1.0,1.0
BasicMotions,dcrnn,adaptive_correlation_mean,SVD,correlation,42,204229,1.0,1.0,1.0,1.0,1.0
BasicMotions,dcrnn,adaptive_correlation_mean,SVD,correlation,123,204229,1.0,1.0,1.0,1.0,1.0
BasicMotions,dcrnn,adaptive_correlation_mean,SVD,correlation,456,204229,1.0,1.0,1.0,1.0,1.0
BasicMotions,dcrnn,adaptive_correlation_mean,SVD,correlation,789,204229,1.0,1.0,1.0,1.0,1.0
BasicMotions,dcrnn,adaptive_correlation_mean,SVD,correlation,1024,204229,1.0,1.0,1.0,1.0,1.0
BasicMotions,dcrnn,adaptive_correlation_meanstd,SVD,correlation,42,204229,1.0,1.0,1.0,1.0,1.0
BasicMotions,dcrnn,adaptive_correlation_meanstd,SVD,correlation,123,204229,0.975,0.974937343358396,0.974937343358396,0.9772727272727272,0.975
BasicMotions,dcrnn,adaptive_correlation_meanstd,SVD,correlation,456,204229,1.0,1.0,1.0,1.0,1.0
BasicMotions,dcrnn,adaptive_correlation_meanstd,SVD,correlation,789,204229,1.0,1.0,1.0,1.0,1.0
BasicMotions,dcrnn,adaptive_correlation_meanstd,SVD,correlation,1024,204229,1.0,1.0,1.0,1.0,1.0
BasicMotions,dcrnn,adaptive_correlation_nothresh,SVD,correlation,42,204229,1.0,1.0,1.0,1.0,1.0
BasicMotions,dcrnn,adaptive_correlation_nothresh,SVD,correlation,123,204229,1.0,1.0,1.0,1.0,1.0
BasicMotions,dcrnn,adaptive_correlation_nothresh,SVD,correlation,456,204229,1.0,1.0,1.0,1.0,1.0
BasicMotions,dcrnn,adaptive_correlation_nothresh,SVD,correlation,789,204229,1.0,1.0,1.0,1.0,1.0
BasicMotions,dcrnn,adaptive_correlation_nothresh,SVD,correlation,1024,204229,1.0,1.0,1.0,1.0,1.0
BasicMotions,dcrnn,adaptive_correlation_top50,SVD,correlation,42,204229,1.0,1.0,1.0,1.0,1.0
BasicMotions,dcrnn,adaptive_correlation_top50,SVD,correlation,123,204229,1.0,1.0,1.0,1.0,1.0
BasicMotions,dcrnn,adaptive_correlation_top50,SVD,correlation,456,204229,1.0,1.0,1.0,1.0,1.0
BasicMotions,dcrnn,adaptive_correlation_top50,SVD,correlation,789,204229,1.0,1.0,1.0,1.0,1.0
BasicMotions,dcrnn,adaptive_correlation_top50,SVD,correlation,1024,204229,1.0,1.0,1.0,1.0,1.0
BasicMotions,dcrnn,adaptive_nosvd_correlation_mean,noSVD,correlation,42,204073,1.0,1.0,1.0,1.0,1.0
BasicMotions,dcrnn,adaptive_nosvd_correlation_mean,noSVD,correlation,123,204073,1.0,1.0,1.0,1.0,1.0
BasicMotions,dcrnn,adaptive_nosvd_correlation_mean,noSVD,correlation,456,204073,1.0,1.0,1.0,1.0,1.0
BasicMotions,dcrnn,adaptive_nosvd_correlation_mean,noSVD,correlation,789,204073,1.0,1.0,1.0,1.0,1.0
BasicMotions,dcrnn,adaptive_nosvd_correlation_mean,noSVD,correlation,1024,204073,1.0,1.0,1.0,1.0,1.0
BasicMotions,dcrnn,adaptive_nosvd_correlation_meanstd,noSVD,correlation,42,204073,1.0,1.0,1.0,1.0,1.0
BasicMotions,dcrnn,adaptive_nosvd_correlation_meanstd,noSVD,correlation,123,204073,1.0,1.0,1.0,1.0,1.0
BasicMotions,dcrnn,adaptive_nosvd_correlation_meanstd,noSVD,correlation,456,204073,1.0,1.0,1.0,1.0,1.0
BasicMotions,dcrnn,adaptive_nosvd_correlation_meanstd,noSVD,correlation,789,204073,1.0,1.0,1.0,1.0,1.0
BasicMotions,dcrnn,adaptive_nosvd_correlation_meanstd,noSVD,correlation,1024,204073,1.0,1.0,1.0,1.0,1.0
BasicMotions,dcrnn,adaptive_nosvd_correlation_nothresh,noSVD,correlation,42,204073,1.0,1.0,1.0,1.0,1.0
BasicMotions,dcrnn,adaptive_nosvd_correlation_nothresh,noSVD,correlation,123,204073,1.0,1.0,1.0,1.0,1.0
BasicMotions,dcrnn,adaptive_nosvd_correlation_nothresh,noSVD,correlation,456,204073,1.0,1.0,1.0,1.0,1.0
BasicMotions,dcrnn,adaptive_nosvd_correlation_nothresh,noSVD,correlation,789,204073,1.0,1.0,1.0,1.0,1.0
BasicMotions,dcrnn,adaptive_nosvd_correlation_nothresh,noSVD,correlation,1024,204073,1.0,1.0,1.0,1.0,1.0
BasicMotions,dcrnn,adaptive_nosvd_correlation_top50,noSVD,correlation,42,204073,1.0,1.0,1.0,1.0,1.0
BasicMotions,dcrnn,adaptive_nosvd_correlation_top50,noSVD,correlation,123,204073,1.0,1.0,1.0,1.0,1.0
BasicMotions,dcrnn,adaptive_nosvd_correlation_top50,noSVD,correlation,456,204073,1.0,1.0,1.0,1.0,1.0
BasicMotions,dcrnn,adaptive_nosvd_correlation_top50,noSVD,correlation,789,204073,1.0,1.0,1.0,1.0,1.0
BasicMotions,dcrnn,adaptive_nosvd_correlation_top50,noSVD,correlation,1024,204073,1.0,1.0,1.0,1.0,1.0
BasicMotions,dcrnn,predefined_correlation_mean,,correlation,42,204037,1.0,1.0,1.0,1.0,1.0
BasicMotions,dcrnn,predefined_correlation_mean,,correlation,123,204037,1.0,1.0,1.0,1.0,1.0
BasicMotions,dcrnn,predefined_correlation_mean,,correlation,456,204037,1.0,1.0,1.0,1.0,1.0
BasicMotions,dcrnn,predefined_correlation_mean,,correlation,789,204037,1.0,1.0,1.0,1.0,1.0
BasicMotions,dcrnn,predefined_correlation_mean,,correlation,1024,204037,1.0,1.0,1.0,1.0,1.0
BasicMotions,dcrnn,predefined_correlation_meanstd,,correlation,42,204037,1.0,1.0,1.0,1.0,1.0
BasicMotions,dcrnn,predefined_correlation_meanstd,,correlation,123,204037,1.0,1.0,1.0,1.0,1.0
BasicMotions,dcrnn,predefined_correlation_meanstd,,correlation,456,204037,1.0,1.0,1.0,1.0,1.0
BasicMotions,dcrnn,predefined_correlation_meanstd,,correlation,789,204037,1.0,1.0,1.0,1.0,1.0
BasicMotions,dcrnn,predefined_correlation_meanstd,,correlation,1024,204037,1.0,1.0,1.0,1.0,1.0
BasicMotions,dcrnn,predefined_correlation_nothresh,,correlation,42,204037,1.0,1.0,1.0,1.0,1.0
BasicMotions,dcrnn,predefined_correlation_nothresh,,correlation,123,204037,1.0,1.0,1.0,1.0,1.0
BasicMotions,dcrnn,predefined_correlation_nothresh,,correlation,456,204037,1.0,1.0,1.0,1.0,1.0
BasicMotions,dcrnn,predefined_correlation_nothresh,,correlation,789,204037,1.0,1.0,1.0,1.0,1.0
BasicMotions,dcrnn,predefined_correlation_nothresh,,correlation,1024,204037,1.0,1.0,1.0,1.0,1.0
BasicMotions,dcrnn,predefined_correlation_top50,,correlation,42,204037,1.0,1.0,1.0,1.0,1.0
BasicMotions,dcrnn,predefined_correlation_top50,,correlation,123,204037,1.0,1.0,1.0,1.0,1.0
BasicMotions,dcrnn,predefined_correlation_top50,,correlation,456,204037,1.0,1.0,1.0,1.0,1.0
BasicMotions,dcrnn,predefined_correlation_top50,,correlation,789,204037,1.0,1.0,1.0,1.0,1.0
BasicMotions,dcrnn,predefined_correlation_top50,,correlation,1024,204037,1.0,1.0,1.0,1.0,1.0
BasicMotions,gconv_gru,adaptive_correlation_mean,SVD,correlation,42,105925,1.0,1.0,1.0,1.0,1.0
BasicMotions,gconv_gru,adaptive_correlation_mean,SVD,correlation,123,105925,1.0,1.0,1.0,1.0,1.0
BasicMotions,gconv_gru,adaptive_correlation_mean,SVD,correlation,456,105925,1.0,1.0,1.0,1.0,1.0
BasicMotions,gconv_gru,adaptive_correlation_mean,SVD,correlation,789,105925,0.975,0.974937343358396,0.974937343358396,0.9772727272727272,0.975
BasicMotions,gconv_gru,adaptive_correlation_mean,SVD,correlation,1024,105925,1.0,1.0,1.0,1.0,1.0
BasicMotions,gconv_gru,adaptive_correlation_meanstd,SVD,correlation,42,105925,1.0,1.0,1.0,1.0,1.0
BasicMotions,gconv_gru,adaptive_correlation_meanstd,SVD,correlation,123,105925,1.0,1.0,1.0,1.0,1.0
BasicMotions,gconv_gru,adaptive_correlation_meanstd,SVD,correlation,456,105925,1.0,1.0,1.0,1.0,1.0
BasicMotions,gconv_gru,adaptive_correlation_meanstd,SVD,correlation,789,105925,0.975,0.974937343358396,0.974937343358396,0.9772727272727272,0.975
BasicMotions,gconv_gru,adaptive_correlation_meanstd,SVD,correlation,1024,105925,1.0,1.0,1.0,1.0,1.0
BasicMotions,gconv_gru,adaptive_correlation_nothresh,SVD,correlation,42,105925,1.0,1.0,1.0,1.0,1.0
BasicMotions,gconv_gru,adaptive_correlation_nothresh,SVD,correlation,123,105925,1.0,1.0,1.0,1.0,1.0
BasicMotions,gconv_gru,adaptive_correlation_nothresh,SVD,correlation,456,105925,1.0,1.0,1.0,1.0,1.0
BasicMotions,gconv_gru,adaptive_correlation_nothresh,SVD,correlation,789,105925,1.0,1.0,1.0,1.0,1.0
BasicMotions,gconv_gru,adaptive_correlation_nothresh,SVD,correlation,1024,105925,1.0,1.0,1.0,1.0,1.0
BasicMotions,gconv_gru,adaptive_correlation_top50,SVD,correlation,42,105925,1.0,1.0,1.0,1.0,1.0
BasicMotions,gconv_gru,adaptive_correlation_top50,SVD,correlation,123,105925,1.0,1.0,1.0,1.0,1.0
BasicMotions,gconv_gru,adaptive_correlation_top50,SVD,correlation,456,105925,1.0,1.0,1.0,1.0,1.0
BasicMotions,gconv_gru,adaptive_correlation_top50,SVD,correlation,789,105925,1.0,1.0,1.0,1.0,1.0
BasicMotions,gconv_gru,adaptive_correlation_top50,SVD,correlation,1024,105925,1.0,1.0,1.0,1.0,1.0
BasicMotions,gconv_gru,adaptive_nosvd_correlation_mean,noSVD,correlation,42,105769,1.0,1.0,1.0,1.0,1.0
BasicMotions,gconv_gru,adaptive_nosvd_correlation_mean,noSVD,correlation,123,105769,1.0,1.0,1.0,1.0,1.0
BasicMotions,gconv_gru,adaptive_nosvd_correlation_mean,noSVD,correlation,456,105769,1.0,1.0,1.0,1.0,1.0
BasicMotions,gconv_gru,adaptive_nosvd_correlation_mean,noSVD,correlation,789,105769,1.0,1.0,1.0,1.0,1.0
BasicMotions,gconv_gru,adaptive_nosvd_correlation_mean,noSVD,correlation,1024,105769,0.975,0.974937343358396,0.974937343358396,0.9772727272727272,0.975
BasicMotions,gconv_gru,adaptive_nosvd_correlation_meanstd,noSVD,correlation,42,105769,1.0,1.0,1.0,1.0,1.0
BasicMotions,gconv_gru,adaptive_nosvd_correlation_meanstd,noSVD,correlation,123,105769,1.0,1.0,1.0,1.0,1.0
BasicMotions,gconv_gru,adaptive_nosvd_correlation_meanstd,noSVD,correlation,456,105769,1.0,1.0,1.0,1.0,1.0
BasicMotions,gconv_gru,adaptive_nosvd_correlation_meanstd,noSVD,correlation,789,105769,1.0,1.0,1.0,1.0,1.0
BasicMotions,gconv_gru,adaptive_nosvd_correlation_meanstd,noSVD,correlation,1024,105769,1.0,1.0,1.0,1.0,1.0
BasicMotions,gconv_gru,adaptive_nosvd_correlation_nothresh,noSVD,correlation,42,105769,1.0,1.0,1.0,1.0,1.0
BasicMotions,gconv_gru,adaptive_nosvd_correlation_nothresh,noSVD,correlation,123,105769,1.0,1.0,1.0,1.0,1.0
BasicMotions,gconv_gru,adaptive_nosvd_correlation_nothresh,noSVD,correlation,456,105769,1.0,1.0,1.0,1.0,1.0
BasicMotions,gconv_gru,adaptive_nosvd_correlation_nothresh,noSVD,correlation,789,105769,1.0,1.0,1.0,1.0,1.0
BasicMotions,gconv_gru,adaptive_nosvd_correlation_nothresh,noSVD,correlation,1024,105769,1.0,1.0,1.0,1.0,1.0
BasicMotions,gconv_gru,adaptive_nosvd_correlation_top50,noSVD,correlation,42,105769,1.0,1.0,1.0,1.0,1.0
BasicMotions,gconv_gru,adaptive_nosvd_correlation_top50,noSVD,correlation,123,105769,1.0,1.0,1.0,1.0,1.0
BasicMotions,gconv_gru,adaptive_nosvd_correlation_top50,noSVD,correlation,456,105769,1.0,1.0,1.0,1.0,1.0
BasicMotions,gconv_gru,adaptive_nosvd_correlation_top50,noSVD,correlation,789,105769,1.0,1.0,1.0,1.0,1.0
BasicMotions,gconv_gru,adaptive_nosvd_correlation_top50,noSVD,correlation,1024,105769,1.0,1.0,1.0,1.0,1.0
BasicMotions,gconv_gru,predefined_correlation_mean,,correlation,42,105733,1.0,1.0,1.0,1.0,1.0
BasicMotions,gconv_gru,predefined_correlation_mean,,correlation,123,105733,1.0,1.0,1.0,1.0,1.0
BasicMotions,gconv_gru,predefined_correlation_mean,,correlation,456,105733,1.0,1.0,1.0,1.0,1.0
BasicMotions,gconv_gru,predefined_correlation_mean,,correlation,789,105733,1.0,1.0,1.0,1.0,1.0
BasicMotions,gconv_gru,predefined_correlation_mean,,correlation,1024,105733,1.0,1.0,1.0,1.0,1.0
BasicMotions,gconv_gru,predefined_correlation_meanstd,,correlation,42,105733,1.0,1.0,1.0,1.0,1.0
BasicMotions,gconv_gru,predefined_correlation_meanstd,,correlation,123,105733,1.0,1.0,1.0,1.0,1.0
BasicMotions,gconv_gru,predefined_correlation_meanstd,,correlation,456,105733,1.0,1.0,1.0,1.0,1.0
BasicMotions,gconv_gru,predefined_correlation_meanstd,,correlation,789,105733,1.0,1.0,1.0,1.0,1.0
BasicMotions,gconv_gru,predefined_correlation_meanstd,,correlation,1024,105733,1.0,1.0,1.0,1.0,1.0
BasicMotions,gconv_gru,predefined_correlation_nothresh,,correlation,42,105733,1.0,1.0,1.0,1.0,1.0
BasicMotions,gconv_gru,predefined_correlation_nothresh,,correlation,123,105733,1.0,1.0,1.0,1.0,1.0
BasicMotions,gconv_gru,predefined_correlation_nothresh,,correlation,456,105733,1.0,1.0,1.0,1.0,1.0
BasicMotions,gconv_gru,predefined_correlation_nothresh,,correlation,789,105733,1.0,1.0,1.0,1.0,1.0
BasicMotions,gconv_gru,predefined_correlation_nothresh,,correlation,1024,105733,1.0,1.0,1.0,1.0,1.0
BasicMotions,gconv_gru,predefined_correlation_top50,,correlation,42,105733,1.0,1.0,1.0,1.0,1.0
BasicMotions,gconv_gru,predefined_correlation_top50,,correlation,123,105733,1.0,1.0,1.0,1.0,1.0
BasicMotions,gconv_gru,predefined_correlation_top50,,correlation,456,105733,1.0,1.0,1.0,1.0,1.0
BasicMotions,gconv_gru,predefined_correlation_top50,,correlation,789,105733,1.0,1.0,1.0,1.0,1.0
BasicMotions,gconv_gru,predefined_correlation_top50,,correlation,1024,105733,1.0,1.0,1.0,1.0,1.0
BasicMotions,gconv_lstm,adaptive_correlation_mean,SVD,correlation,42,138821,1.0,1.0,1.0,1.0,1.0
BasicMotions,gconv_lstm,adaptive_correlation_mean,SVD,correlation,123,138821,1.0,1.0,1.0,1.0,1.0
BasicMotions,gconv_lstm,adaptive_correlation_mean,SVD,correlation,456,138821,0.975,0.974937343358396,0.974937343358396,0.9772727272727272,0.975
BasicMotions,gconv_lstm,adaptive_correlation_mean,SVD,correlation,789,138821,1.0,1.0,1.0,1.0,1.0
BasicMotions,gconv_lstm,adaptive_correlation_mean,SVD,correlation,1024,138821,1.0,1.0,1.0,1.0,1.0
BasicMotions,gconv_lstm,adaptive_correlation_meanstd,SVD,correlation,42,138821,1.0,1.0,1.0,1.0,1.0
BasicMotions,gconv_lstm,adaptive_correlation_meanstd,SVD,correlation,123,138821,1.0,1.0,1.0,1.0,1.0
BasicMotions,gconv_lstm,adaptive_correlation_meanstd,SVD,correlation,456,138821,1.0,1.0,1.0,1.0,1.0
BasicMotions,gconv_lstm,adaptive_correlation_meanstd,SVD,correlation,789,138821,1.0,1.0,1.0,1.0,1.0
BasicMotions,gconv_lstm,adaptive_correlation_meanstd,SVD,correlation,1024,138821,1.0,1.0,1.0,1.0,1.0
BasicMotions,gconv_lstm,adaptive_correlation_nothresh,SVD,correlation,42,138821,1.0,1.0,1.0,1.0,1.0
BasicMotions,gconv_lstm,adaptive_correlation_nothresh,SVD,correlation,123,138821,1.0,1.0,1.0,1.0,1.0
BasicMotions,gconv_lstm,adaptive_correlation_nothresh,SVD,correlation,456,138821,1.0,1.0,1.0,1.0,1.0
BasicMotions,gconv_lstm,adaptive_correlation_nothresh,SVD,correlation,789,138821,1.0,1.0,1.0,1.0,1.0
BasicMotions,gconv_lstm,adaptive_correlation_nothresh,SVD,correlation,1024,138821,1.0,1.0,1.0,1.0,1.0
BasicMotions,gconv_lstm,adaptive_correlation_top50,SVD,correlation,42,138821,1.0,1.0,1.0,1.0,1.0
BasicMotions,gconv_lstm,adaptive_correlation_top50,SVD,correlation,123,138821,1.0,1.0,1.0,1.0,1.0
BasicMotions,gconv_lstm,adaptive_correlation_top50,SVD,correlation,456,138821,1.0,1.0,1.0,1.0,1.0
BasicMotions,gconv_lstm,adaptive_correlation_top50,SVD,correlation,789,138821,1.0,1.0,1.0,1.0,1.0
BasicMotions,gconv_lstm,adaptive_correlation_top50,SVD,correlation,1024,138821,1.0,1.0,1.0,1.0,1.0
BasicMotions,gconv_lstm,adaptive_nosvd_correlation_mean,noSVD,correlation,42,138665,1.0,1.0,1.0,1.0,1.0
BasicMotions,gconv_lstm,adaptive_nosvd_correlation_mean,noSVD,correlation,123,138665,1.0,1.0,1.0,1.0,1.0
BasicMotions,gconv_lstm,adaptive_nosvd_correlation_mean,noSVD,correlation,456,138665,0.975,0.974937343358396,0.974937343358396,0.9772727272727272,0.975
BasicMotions,gconv_lstm,adaptive_nosvd_correlation_mean,noSVD,correlation,789,138665,0.975,0.974937343358396,0.974937343358396,0.9772727272727272,0.975
BasicMotions,gconv_lstm,adaptive_nosvd_correlation_mean,noSVD,correlation,1024,138665,1.0,1.0,1.0,1.0,1.0
BasicMotions,gconv_lstm,adaptive_nosvd_correlation_meanstd,noSVD,correlation,42,138665,1.0,1.0,1.0,1.0,1.0
BasicMotions,gconv_lstm,adaptive_nosvd_correlation_meanstd,noSVD,correlation,123,138665,1.0,1.0,1.0,1.0,1.0
BasicMotions,gconv_lstm,adaptive_nosvd_correlation_meanstd,noSVD,correlation,456,138665,0.975,0.974937343358396,0.974937343358396,0.9772727272727272,0.975
BasicMotions,gconv_lstm,adaptive_nosvd_correlation_meanstd,noSVD,correlation,789,138665,1.0,1.0,1.0,1.0,1.0
BasicMotions,gconv_lstm,adaptive_nosvd_correlation_meanstd,noSVD,correlation,1024,138665,1.0,1.0,1.0,1.0,1.0
BasicMotions,gconv_lstm,adaptive_nosvd_correlation_nothresh,noSVD,correlation,42,138665,1.0,1.0,1.0,1.0,1.0
BasicMotions,gconv_lstm,adaptive_nosvd_correlation_nothresh,noSVD,correlation,123,138665,1.0,1.0,1.0,1.0,1.0
BasicMotions,gconv_lstm,adaptive_nosvd_correlation_nothresh,noSVD,correlation,456,138665,0.975,0.974937343358396,0.974937343358396,0.9772727272727272,0.975
BasicMotions,gconv_lstm,adaptive_nosvd_correlation_nothresh,noSVD,correlation,789,138665,1.0,1.0,1.0,1.0,1.0
BasicMotions,gconv_lstm,adaptive_nosvd_correlation_nothresh,noSVD,correlation,1024,138665,1.0,1.0,1.0,1.0,1.0
BasicMotions,gconv_lstm,adaptive_nosvd_correlation_top50,noSVD,correlation,42,138665,1.0,1.0,1.0,1.0,1.0
BasicMotions,gconv_lstm,adaptive_nosvd_correlation_top50,noSVD,correlation,123,138665,1.0,1.0,1.0,1.0,1.0
BasicMotions,gconv_lstm,adaptive_nosvd_correlation_top50,noSVD,correlation,456,138665,0.975,0.974937343358396,0.974937343358396,0.9772727272727272,0.975
BasicMotions,gconv_lstm,adaptive_nosvd_correlation_top50,noSVD,correlation,789,138665,1.0,1.0,1.0,1.0,1.0
BasicMotions,gconv_lstm,adaptive_nosvd_correlation_top50,noSVD,correlation,1024,138665,1.0,1.0,1.0,1.0,1.0
BasicMotions,gconv_lstm,predefined_correlation_mean,,correlation,42,138629,1.0,1.0,1.0,1.0,1.0
BasicMotions,gconv_lstm,predefined_correlation_mean,,correlation,123,138629,1.0,1.0,1.0,1.0,1.0
BasicMotions,gconv_lstm,predefined_correlation_mean,,correlation,456,138629,1.0,1.0,1.0,1.0,1.0
BasicMotions,gconv_lstm,predefined_correlation_mean,,correlation,789,138629,1.0,1.0,1.0,1.0,1.0
BasicMotions,gconv_lstm,predefined_correlation_mean,,correlation,1024,138629,1.0,1.0,1.0,1.0,1.0
BasicMotions,gconv_lstm,predefined_correlation_meanstd,,correlation,42,138629,1.0,1.0,1.0,1.0,1.0
BasicMotions,gconv_lstm,predefined_correlation_meanstd,,correlation,123,138629,1.0,1.0,1.0,1.0,1.0
BasicMotions,gconv_lstm,predefined_correlation_meanstd,,correlation,456,138629,1.0,1.0,1.0,1.0,1.0
BasicMotions,gconv_lstm,predefined_correlation_meanstd,,correlation,789,138629,1.0,1.0,1.0,1.0,1.0
BasicMotions,gconv_lstm,predefined_correlation_meanstd,,correlation,1024,138629,1.0,1.0,1.0,1.0,1.0
BasicMotions,gconv_lstm,predefined_correlation_nothresh,,correlation,42,138629,1.0,1.0,1.0,1.0,1.0
BasicMotions,gconv_lstm,predefined_correlation_nothresh,,correlation,123,138629,1.0,1.0,1.0,1.0,1.0
BasicMotions,gconv_lstm,predefined_correlation_nothresh,,correlation,456,138629,1.0,1.0,1.0,1.0,1.0
BasicMotions,gconv_lstm,predefined_correlation_nothresh,,correlation,789,138629,1.0,1.0,1.0,1.0,1.0
BasicMotions,gconv_lstm,predefined_correlation_nothresh,,correlation,1024,138629,1.0,1.0,1.0,1.0,1.0
BasicMotions,gconv_lstm,predefined_correlation_top50,,correlation,42,138629,1.0,1.0,1.0,1.0,1.0
BasicMotions,gconv_lstm,predefined_correlation_top50,,correlation,123,138629,1.0,1.0,1.0,1.0,1.0
BasicMotions,gconv_lstm,predefined_correlation_top50,,correlation,456,138629,1.0,1.0,1.0,1.0,1.0
BasicMotions,gconv_lstm,predefined_correlation_top50,,correlation,789,138629,1.0,1.0,1.0,1.0,1.0
BasicMotions,gconv_lstm,predefined_correlation_top50,,correlation,1024,138629,1.0,1.0,1.0,1.0,1.0
BasicMotions,hybrid_tgnn,adaptive_correlation_mean,SVD,correlation,42,105926,1.0,1.0,1.0,1.0,1.0
BasicMotions,hybrid_tgnn,adaptive_correlation_mean,SVD,correlation,123,105926,1.0,1.0,1.0,1.0,1.0
BasicMotions,hybrid_tgnn,adaptive_correlation_mean,SVD,correlation,456,105926,1.0,1.0,1.0,1.0,1.0
BasicMotions,hybrid_tgnn,adaptive_correlation_mean,SVD,correlation,789,105926,1.0,1.0,1.0,1.0,1.0
BasicMotions,hybrid_tgnn,adaptive_correlation_mean,SVD,correlation,1024,105926,1.0,1.0,1.0,1.0,1.0
BasicMotions,hybrid_tgnn,adaptive_correlation_meanstd,SVD,correlation,42,105926,1.0,1.0,1.0,1.0,1.0
BasicMotions,hybrid_tgnn,adaptive_correlation_meanstd,SVD,correlation,123,105926,1.0,1.0,1.0,1.0,1.0
BasicMotions,hybrid_tgnn,adaptive_correlation_meanstd,SVD,correlation,456,105926,1.0,1.0,1.0,1.0,1.0
BasicMotions,hybrid_tgnn,adaptive_correlation_meanstd,SVD,correlation,789,105926,1.0,1.0,1.0,1.0,1.0
BasicMotions,hybrid_tgnn,adaptive_correlation_meanstd,SVD,correlation,1024,105926,1.0,1.0,1.0,1.0,1.0
BasicMotions,hybrid_tgnn,adaptive_correlation_nothresh,SVD,correlation,42,105926,1.0,1.0,1.0,1.0,1.0
BasicMotions,hybrid_tgnn,adaptive_correlation_nothresh,SVD,correlation,123,105926,1.0,1.0,1.0,1.0,1.0
BasicMotions,hybrid_tgnn,adaptive_correlation_nothresh,SVD,correlation,456,105926,1.0,1.0,1.0,1.0,1.0
BasicMotions,hybrid_tgnn,adaptive_correlation_nothresh,SVD,correlation,789,105926,1.0,1.0,1.0,1.0,1.0
BasicMotions,hybrid_tgnn,adaptive_correlation_nothresh,SVD,correlation,1024,105926,1.0,1.0,1.0,1.0,1.0
BasicMotions,hybrid_tgnn,adaptive_correlation_top50,SVD,correlation,42,105926,1.0,1.0,1.0,1.0,1.0
BasicMotions,hybrid_tgnn,adaptive_correlation_top50,SVD,correlation,123,105926,1.0,1.0,1.0,1.0,1.0
BasicMotions,hybrid_tgnn,adaptive_correlation_top50,SVD,correlation,456,105926,1.0,1.0,1.0,1.0,1.0
BasicMotions,hybrid_tgnn,adaptive_correlation_top50,SVD,correlation,789,105926,1.0,1.0,1.0,1.0,1.0
BasicMotions,hybrid_tgnn,adaptive_correlation_top50,SVD,correlation,1024,105926,1.0,1.0,1.0,1.0,1.0
BasicMotions,hybrid_tgnn,adaptive_nosvd_correlation_mean,noSVD,correlation,42,105770,1.0,1.0,1.0,1.0,1.0
BasicMotions,hybrid_tgnn,adaptive_nosvd_correlation_mean,noSVD,correlation,123,105770,1.0,1.0,1.0,1.0,1.0
BasicMotions,hybrid_tgnn,adaptive_nosvd_correlation_mean,noSVD,correlation,456,105770,1.0,1.0,1.0,1.0,1.0
BasicMotions,hybrid_tgnn,adaptive_nosvd_correlation_mean,noSVD,correlation,789,105770,1.0,1.0,1.0,1.0,1.0
BasicMotions,hybrid_tgnn,adaptive_nosvd_correlation_mean,noSVD,correlation,1024,105770,1.0,1.0,1.0,1.0,1.0
BasicMotions,hybrid_tgnn,adaptive_nosvd_correlation_meanstd,noSVD,correlation,42,105770,1.0,1.0,1.0,1.0,1.0
BasicMotions,hybrid_tgnn,adaptive_nosvd_correlation_meanstd,noSVD,correlation,123,105770,1.0,1.0,1.0,1.0,1.0
BasicMotions,hybrid_tgnn,adaptive_nosvd_correlation_meanstd,noSVD,correlation,456,105770,1.0,1.0,1.0,1.0,1.0
BasicMotions,hybrid_tgnn,adaptive_nosvd_correlation_meanstd,noSVD,correlation,789,105770,1.0,1.0,1.0,1.0,1.0
BasicMotions,hybrid_tgnn,adaptive_nosvd_correlation_meanstd,noSVD,correlation,1024,105770,1.0,1.0,1.0,1.0,1.0
BasicMotions,hybrid_tgnn,adaptive_nosvd_correlation_nothresh,noSVD,correlation,42,105770,1.0,1.0,1.0,1.0,1.0
BasicMotions,hybrid_tgnn,adaptive_nosvd_correlation_nothresh,noSVD,correlation,123,105770,1.0,1.0,1.0,1.0,1.0
BasicMotions,hybrid_tgnn,adaptive_nosvd_correlation_nothresh,noSVD,correlation,456,105770,1.0,1.0,1.0,1.0,1.0
BasicMotions,hybrid_tgnn,adaptive_nosvd_correlation_nothresh,noSVD,correlation,789,105770,1.0,1.0,1.0,1.0,1.0
BasicMotions,hybrid_tgnn,adaptive_nosvd_correlation_nothresh,noSVD,correlation,1024,105770,1.0,1.0,1.0,1.0,1.0
BasicMotions,hybrid_tgnn,adaptive_nosvd_correlation_top50,noSVD,correlation,42,105770,1.0,1.0,1.0,1.0,1.0
BasicMotions,hybrid_tgnn,adaptive_nosvd_correlation_top50,noSVD,correlation,123,105770,1.0,1.0,1.0,1.0,1.0
BasicMotions,hybrid_tgnn,adaptive_nosvd_correlation_top50,noSVD,correlation,456,105770,1.0,1.0,1.0,1.0,1.0
BasicMotions,hybrid_tgnn,adaptive_nosvd_correlation_top50,noSVD,correlation,789,105770,1.0,1.0,1.0,1.0,1.0
BasicMotions,hybrid_tgnn,adaptive_nosvd_correlation_top50,noSVD,correlation,1024,105770,1.0,1.0,1.0,1.0,1.0
BasicMotions,hybrid_tgnn,predefined_correlation_mean,,correlation,42,105926,1.0,1.0,1.0,1.0,1.0
BasicMotions,hybrid_tgnn,predefined_correlation_mean,,correlation,123,105926,1.0,1.0,1.0,1.0,1.0
BasicMotions,hybrid_tgnn,predefined_correlation_mean,,correlation,456,105926,1.0,1.0,1.0,1.0,1.0
BasicMotions,hybrid_tgnn,predefined_correlation_mean,,correlation,789,105926,1.0,1.0,1.0,1.0,1.0
BasicMotions,hybrid_tgnn,predefined_correlation_mean,,correlation,1024,105926,1.0,1.0,1.0,1.0,1.0
BasicMotions,hybrid_tgnn,predefined_correlation_meanstd,,correlation,42,105926,1.0,1.0,1.0,1.0,1.0
BasicMotions,hybrid_tgnn,predefined_correlation_meanstd,,correlation,123,105926,1.0,1.0,1.0,1.0,1.0
BasicMotions,hybrid_tgnn,predefined_correlation_meanstd,,correlation,456,105926,1.0,1.0,1.0,1.0,1.0
BasicMotions,hybrid_tgnn,predefined_correlation_meanstd,,correlation,789,105926,1.0,1.0,1.0,1.0,1.0
BasicMotions,hybrid_tgnn,predefined_correlation_meanstd,,correlation,1024,105926,1.0,1.0,1.0,1.0,1.0
BasicMotions,hybrid_tgnn,predefined_correlation_nothresh,,correlation,42,105926,1.0,1.0,1.0,1.0,1.0
BasicMotions,hybrid_tgnn,predefined_correlation_nothresh,,correlation,123,105926,1.0,1.0,1.0,1.0,1.0
BasicMotions,hybrid_tgnn,predefined_correlation_nothresh,,correlation,456,105926,1.0,1.0,1.0,1.0,1.0
BasicMotions,hybrid_tgnn,predefined_correlation_nothresh,,correlation,789,105926,1.0,1.0,1.0,1.0,1.0
BasicMotions,hybrid_tgnn,predefined_correlation_nothresh,,correlation,1024,105926,1.0,1.0,1.0,1.0,1.0
BasicMotions,hybrid_tgnn,predefined_correlation_top50,,correlation,42,105926,1.0,1.0,1.0,1.0,1.0
BasicMotions,hybrid_tgnn,predefined_correlation_top50,,correlation,123,105926,1.0,1.0,1.0,1.0,1.0
BasicMotions,hybrid_tgnn,predefined_correlation_top50,,correlation,456,105926,1.0,1.0,1.0,1.0,1.0
BasicMotions,hybrid_tgnn,predefined_correlation_top50,,correlation,789,105926,1.0,1.0,1.0,1.0,1.0
BasicMotions,hybrid_tgnn,predefined_correlation_top50,,correlation,1024,105926,1.0,1.0,1.0,1.0,1.0
BasicMotions,cnn_bigru,none,none,none,42,554820,0.9,0.8967171717171717,0.8967171717171716,0.9020833333333332,0.9
BasicMotions,cnn_bigru,none,none,none,123,554820,0.875,0.8734335839598998,0.8734335839598997,0.8762626262626263,0.875
BasicMotions,cnn_bigru,none,none,none,456,554820,0.925,0.9212503183091418,0.9212503183091416,0.9356060606060608,0.925
BasicMotions,cnn_bigru,none,none,none,789,554820,0.925,0.9246411483253588,0.9246411483253588,0.9305555555555556,0.925
BasicMotions,cnn_bigru,none,none,none,1024,554820,0.925,0.9246411483253588,0.9246411483253588,0.9305555555555556,0.925
BasicMotions,lstm,none,none,none,42,568452,1.0,1.0,1.0,1.0,1.0
BasicMotions,lstm,none,none,none,123,568452,0.9,0.8967171717171717,0.8967171717171716,0.9020833333333332,0.8999999999999999
BasicMotions,lstm,none,none,none,456,568452,0.975,0.974937343358396,0.974937343358396,0.9772727272727272,0.975
BasicMotions,lstm,none,none,none,789,568452,0.975,0.974937343358396,0.974937343358396,0.9772727272727272,0.975
BasicMotions,lstm,none,none,none,1024,568452,0.9,0.8920454545454546,0.8920454545454545,0.9166666666666669,0.9
BasicMotions,tcn,none,none,none,42,204036,0.975,0.974937343358396,0.974937343358396,0.9772727272727272,0.975
BasicMotions,tcn,none,none,none,123,204036,1.0,1.0,1.0,1.0,1.0
BasicMotions,tcn,none,none,none,456,204036,1.0,1.0,1.0,1.0,1.0
BasicMotions,tcn,none,none,none,789,204036,1.0,1.0,1.0,1.0,1.0
BasicMotions,tcn,none,none,none,1024,204036,1.0,1.0,1.0,1.0,1.0
BasicMotions,transformer,none,none,none,42,407492,1.0,1.0,1.0,1.0,1.0
BasicMotions,transformer,none,none,none,123,407492,1.0,1.0,1.0,1.0,1.0
BasicMotions,transformer,none,none,none,456,407492,1.0,1.0,1.0,1.0,1.0
BasicMotions,transformer,none,none,none,789,407492,1.0,1.0,1.0,1.0,1.0
BasicMotions,transformer,none,none,none,1024,407492,1.0,1.0,1.0,1.0,1.0
BasicMotions,a3tgcn,adaptive,SVD,none,42,106055,1.0,1.0,1.0,1.0,1.0
BasicMotions,a3tgcn,adaptive,SVD,none,123,106055,0.975,0.974937343358396,0.974937343358396,0.9772727272727272,0.975
BasicMotions,a3tgcn,adaptive,SVD,none,456,106055,1.0,1.0,1.0,1.0,1.0
BasicMotions,a3tgcn,adaptive,SVD,none,789,106055,1.0,1.0,1.0,1.0,1.0
BasicMotions,a3tgcn,adaptive,SVD,none,1024,106055,1.0,1.0,1.0,1.0,1.0
BasicMotions,a3tgcn,adaptive_binary,SVD,binary,42,106055,1.0,1.0,1.0,1.0,1.0
BasicMotions,a3tgcn,adaptive_binary,SVD,binary,123,106055,0.975,0.974937343358396,0.974937343358396,0.9772727272727272,0.975
BasicMotions,a3tgcn,adaptive_binary,SVD,binary,456,106055,1.0,1.0,1.0,1.0,1.0
BasicMotions,a3tgcn,adaptive_binary,SVD,binary,789,106055,1.0,1.0,1.0,1.0,1.0
BasicMotions,a3tgcn,adaptive_binary,SVD,binary,1024,106055,1.0,1.0,1.0,1.0,1.0
BasicMotions,a3tgcn,adaptive_correlation,SVD,correlation,42,106055,1.0,1.0,1.0,1.0,1.0
BasicMotions,a3tgcn,adaptive_correlation,SVD,correlation,123,106055,0.975,0.974937343358396,0.974937343358396,0.9772727272727272,0.975
BasicMotions,a3tgcn,adaptive_correlation,SVD,correlation,456,106055,1.0,1.0,1.0,1.0,1.0
BasicMotions,a3tgcn,adaptive_correlation,SVD,correlation,789,106055,1.0,1.0,1.0,1.0,1.0
BasicMotions,a3tgcn,adaptive_correlation,SVD,correlation,1024,106055,1.0,1.0,1.0,1.0,1.0
BasicMotions,a3tgcn,adaptive_dtw,SVD,dtw,42,106055,1.0,1.0,1.0,1.0,1.0
BasicMotions,a3tgcn,adaptive_dtw,SVD,dtw,123,106055,0.975,0.974937343358396,0.974937343358396,0.9772727272727272,0.975
BasicMotions,a3tgcn,adaptive_dtw,SVD,dtw,456,106055,1.0,1.0,1.0,1.0,1.0
BasicMotions,a3tgcn,adaptive_dtw,SVD,dtw,789,106055,1.0,1.0,1.0,1.0,1.0
BasicMotions,a3tgcn,adaptive_dtw,SVD,dtw,1024,106055,1.0,1.0,1.0,1.0,1.0
BasicMotions,a3tgcn,adaptive_knn,SVD,knn,42,106055,1.0,1.0,1.0,1.0,1.0
BasicMotions,a3tgcn,adaptive_knn,SVD,knn,123,106055,0.975,0.974937343358396,0.974937343358396,0.9772727272727272,0.975
BasicMotions,a3tgcn,adaptive_knn,SVD,knn,456,106055,1.0,1.0,1.0,1.0,1.0
BasicMotions,a3tgcn,adaptive_knn,SVD,knn,789,106055,1.0,1.0,1.0,1.0,1.0
BasicMotions,a3tgcn,adaptive_knn,SVD,knn,1024,106055,1.0,1.0,1.0,1.0,1.0
BasicMotions,a3tgcn,predefined,,none,42,105863,1.0,1.0,1.0,1.0,1.0
BasicMotions,a3tgcn,predefined,,none,123,105863,0.975,0.974937343358396,0.974937343358396,0.9772727272727272,0.975
BasicMotions,a3tgcn,predefined,,none,456,105863,0.95,0.950956937799043,0.9509569377990432,0.9583333333333334,0.95
BasicMotions,a3tgcn,predefined,,none,789,105863,0.975,0.974937343358396,0.974937343358396,0.9772727272727272,0.975
BasicMotions,a3tgcn,predefined,,none,1024,105863,0.975,0.974937343358396,0.974937343358396,0.9772727272727272,0.975
BasicMotions,a3tgcn,predefined_correlation,,correlation,42,105863,0.975,0.974937343358396,0.974937343358396,0.9772727272727272,0.975
BasicMotions,a3tgcn,predefined_correlation,,correlation,123,105863,1.0,1.0,1.0,1.0,1.0
BasicMotions,a3tgcn,predefined_correlation,,correlation,456,105863,1.0,1.0,1.0,1.0,1.0
BasicMotions,a3tgcn,predefined_correlation,,correlation,789,105863,1.0,1.0,1.0,1.0,1.0
BasicMotions,a3tgcn,predefined_correlation,,correlation,1024,105863,1.0,1.0,1.0,1.0,1.0
BasicMotions,a3tgcn,predefined_dtw,,dtw,42,105863,1.0,1.0,1.0,1.0,1.0
BasicMotions,a3tgcn,predefined_dtw,,dtw,123,105863,1.0,1.0,1.0,1.0,1.0
BasicMotions,a3tgcn,predefined_dtw,,dtw,456,105863,0.975,0.974937343358396,0.974937343358396,0.9772727272727272,0.975
BasicMotions,a3tgcn,predefined_dtw,,dtw,789,105863,0.975,0.974937343358396,0.974937343358396,0.9772727272727272,0.975
BasicMotions,a3tgcn,predefined_dtw,,dtw,1024,105863,1.0,1.0,1.0,1.0,1.0
BasicMotions,a3tgcn,predefined_knn_correlation,,correlation,42,105863,0.975,0.974937343358396,0.974937343358396,0.9772727272727272,0.975
BasicMotions,a3tgcn,predefined_knn_correlation,,correlation,123,105863,1.0,1.0,1.0,1.0,1.0
BasicMotions,a3tgcn,predefined_knn_correlation,,correlation,456,105863,1.0,1.0,1.0,1.0,1.0
BasicMotions,a3tgcn,predefined_knn_correlation,,correlation,789,105863,1.0,1.0,1.0,1.0,1.0
BasicMotions,a3tgcn,predefined_knn_correlation,,correlation,1024,105863,1.0,1.0,1.0,1.0,1.0
BasicMotions,dcrnn,adaptive,SVD,none,42,204229,0.975,0.974937343358396,0.974937343358396,0.9772727272727272,0.975
BasicMotions,dcrnn,adaptive,SVD,none,123,204229,1.0,1.0,1.0,1.0,1.0
BasicMotions,dcrnn,adaptive,SVD,none,456,204229,1.0,1.0,1.0,1.0,1.0
BasicMotions,dcrnn,adaptive,SVD,none,789,204229,1.0,1.0,1.0,1.0,1.0
BasicMotions,dcrnn,adaptive,SVD,none,1024,204229,1.0,1.0,1.0,1.0,1.0
BasicMotions,dcrnn,adaptive_binary,SVD,binary,42,204229,0.975,0.974937343358396,0.974937343358396,0.9772727272727272,0.975
BasicMotions,dcrnn,adaptive_binary,SVD,binary,123,204229,1.0,1.0,1.0,1.0,1.0
BasicMotions,dcrnn,adaptive_binary,SVD,binary,456,204229,1.0,1.0,1.0,1.0,1.0
BasicMotions,dcrnn,adaptive_binary,SVD,binary,789,204229,1.0,1.0,1.0,1.0,1.0
BasicMotions,dcrnn,adaptive_binary,SVD,binary,1024,204229,1.0,1.0,1.0,1.0,1.0
BasicMotions,dcrnn,adaptive_correlation,SVD,correlation,42,204229,0.975,0.974937343358396,0.974937343358396,0.9772727272727272,0.975
BasicMotions,dcrnn,adaptive_correlation,SVD,correlation,123,204229,1.0,1.0,1.0,1.0,1.0
BasicMotions,dcrnn,adaptive_correlation,SVD,correlation,456,204229,1.0,1.0,1.0,1.0,1.0
BasicMotions,dcrnn,adaptive_correlation,SVD,correlation,789,204229,1.0,1.0,1.0,1.0,1.0
BasicMotions,dcrnn,adaptive_correlation,SVD,correlation,1024,204229,1.0,1.0,1.0,1.0,1.0
BasicMotions,dcrnn,adaptive_dtw,SVD,dtw,42,204229,0.975,0.974937343358396,0.974937343358396,0.9772727272727272,0.975
BasicMotions,dcrnn,adaptive_dtw,SVD,dtw,123,204229,1.0,1.0,1.0,1.0,1.0
BasicMotions,dcrnn,adaptive_dtw,SVD,dtw,456,204229,1.0,1.0,1.0,1.0,1.0
BasicMotions,dcrnn,adaptive_dtw,SVD,dtw,789,204229,1.0,1.0,1.0,1.0,1.0
BasicMotions,dcrnn,adaptive_dtw,SVD,dtw,1024,204229,1.0,1.0,1.0,1.0,1.0
BasicMotions,dcrnn,adaptive_knn,SVD,knn,42,204229,0.975,0.974937343358396,0.974937343358396,0.9772727272727272,0.975
BasicMotions,dcrnn,adaptive_knn,SVD,knn,123,204229,1.0,1.0,1.0,1.0,1.0
BasicMotions,dcrnn,adaptive_knn,SVD,knn,456,204229,1.0,1.0,1.0,1.0,1.0
BasicMotions,dcrnn,adaptive_knn,SVD,knn,789,204229,1.0,1.0,1.0,1.0,1.0
BasicMotions,dcrnn,adaptive_knn,SVD,knn,1024,204229,1.0,1.0,1.0,1.0,1.0
BasicMotions,dcrnn,predefined,,none,42,204037,1.0,1.0,1.0,1.0,1.0
BasicMotions,dcrnn,predefined,,none,123,204037,1.0,1.0,1.0,1.0,1.0
BasicMotions,dcrnn,predefined,,none,456,204037,1.0,1.0,1.0,1.0,1.0
BasicMotions,dcrnn,predefined,,none,789,204037,1.0,1.0,1.0,1.0,1.0
BasicMotions,dcrnn,predefined,,none,1024,204037,1.0,1.0,1.0,1.0,1.0
BasicMotions,dcrnn,predefined_correlation,,correlation,42,204037,1.0,1.0,1.0,1.0,1.0
BasicMotions,dcrnn,predefined_correlation,,correlation,123,204037,1.0,1.0,1.0,1.0,1.0
BasicMotions,dcrnn,predefined_correlation,,correlation,456,204037,1.0,1.0,1.0,1.0,1.0
BasicMotions,dcrnn,predefined_correlation,,correlation,789,204037,1.0,1.0,1.0,1.0,1.0
BasicMotions,dcrnn,predefined_correlation,,correlation,1024,204037,1.0,1.0,1.0,1.0,1.0
BasicMotions,dcrnn,predefined_dtw,,dtw,42,204037,1.0,1.0,1.0,1.0,1.0
BasicMotions,dcrnn,predefined_dtw,,dtw,123,204037,1.0,1.0,1.0,1.0,1.0
BasicMotions,dcrnn,predefined_dtw,,dtw,456,204037,1.0,1.0,1.0,1.0,1.0
BasicMotions,dcrnn,predefined_dtw,,dtw,789,204037,1.0,1.0,1.0,1.0,1.0
BasicMotions,dcrnn,predefined_dtw,,dtw,1024,204037,1.0,1.0,1.0,1.0,1.0
BasicMotions,dcrnn,predefined_knn_correlation,,correlation,42,204037,1.0,1.0,1.0,1.0,1.0
BasicMotions,dcrnn,predefined_knn_correlation,,correlation,123,204037,1.0,1.0,1.0,1.0,1.0
BasicMotions,dcrnn,predefined_knn_correlation,,correlation,456,204037,1.0,1.0,1.0,1.0,1.0
BasicMotions,dcrnn,predefined_knn_correlation,,correlation,789,204037,1.0,1.0,1.0,1.0,1.0
BasicMotions,dcrnn,predefined_knn_correlation,,correlation,1024,204037,1.0,1.0,1.0,1.0,1.0
BasicMotions,gconv_gru,adaptive,SVD,none,42,105925,1.0,1.0,1.0,1.0,1.0
BasicMotions,gconv_gru,adaptive,SVD,none,123,105925,0.975,0.974937343358396,0.974937343358396,0.9772727272727272,0.975
BasicMotions,gconv_gru,adaptive,SVD,none,456,105925,1.0,1.0,1.0,1.0,1.0
BasicMotions,gconv_gru,adaptive,SVD,none,789,105925,1.0,1.0,1.0,1.0,1.0
BasicMotions,gconv_gru,adaptive,SVD,none,1024,105925,1.0,1.0,1.0,1.0,1.0
BasicMotions,gconv_gru,adaptive_binary,SVD,binary,42,105925,1.0,1.0,1.0,1.0,1.0
BasicMotions,gconv_gru,adaptive_binary,SVD,binary,123,105925,0.975,0.974937343358396,0.974937343358396,0.9772727272727272,0.975
BasicMotions,gconv_gru,adaptive_binary,SVD,binary,456,105925,1.0,1.0,1.0,1.0,1.0
BasicMotions,gconv_gru,adaptive_binary,SVD,binary,789,105925,1.0,1.0,1.0,1.0,1.0
BasicMotions,gconv_gru,adaptive_binary,SVD,binary,1024,105925,1.0,1.0,1.0,1.0,1.0
BasicMotions,gconv_gru,adaptive_correlation,SVD,correlation,42,105925,1.0,1.0,1.0,1.0,1.0
BasicMotions,gconv_gru,adaptive_correlation,SVD,correlation,123,105925,0.975,0.974937343358396,0.974937343358396,0.9772727272727272,0.975
BasicMotions,gconv_gru,adaptive_correlation,SVD,correlation,456,105925,1.0,1.0,1.0,1.0,1.0
BasicMotions,gconv_gru,adaptive_correlation,SVD,correlation,789,105925,1.0,1.0,1.0,1.0,1.0
BasicMotions,gconv_gru,adaptive_correlation,SVD,correlation,1024,105925,1.0,1.0,1.0,1.0,1.0
BasicMotions,gconv_gru,adaptive_dtw,SVD,dtw,42,105925,1.0,1.0,1.0,1.0,1.0
BasicMotions,gconv_gru,adaptive_dtw,SVD,dtw,123,105925,0.975,0.974937343358396,0.974937343358396,0.9772727272727272,0.975
BasicMotions,gconv_gru,adaptive_dtw,SVD,dtw,456,105925,1.0,1.0,1.0,1.0,1.0
BasicMotions,gconv_gru,adaptive_dtw,SVD,dtw,789,105925,1.0,1.0,1.0,1.0,1.0
BasicMotions,gconv_gru,adaptive_dtw,SVD,dtw,1024,105925,1.0,1.0,1.0,1.0,1.0
BasicMotions,gconv_gru,adaptive_knn,SVD,knn,42,105925,1.0,1.0,1.0,1.0,1.0
BasicMotions,gconv_gru,adaptive_knn,SVD,knn,123,105925,0.975,0.974937343358396,0.974937343358396,0.9772727272727272,0.975
BasicMotions,gconv_gru,adaptive_knn,SVD,knn,456,105925,1.0,1.0,1.0,1.0,1.0
BasicMotions,gconv_gru,adaptive_knn,SVD,knn,789,105925,1.0,1.0,1.0,1.0,1.0
BasicMotions,gconv_gru,adaptive_knn,SVD,knn,1024,105925,1.0,1.0,1.0,1.0,1.0
BasicMotions,gconv_gru,predefined,,none,42,105733,1.0,1.0,1.0,1.0,1.0
BasicMotions,gconv_gru,predefined,,none,123,105733,1.0,1.0,1.0,1.0,1.0
BasicMotions,gconv_gru,predefined,,none,456,105733,1.0,1.0,1.0,1.0,1.0
BasicMotions,gconv_gru,predefined,,none,789,105733,1.0,1.0,1.0,1.0,1.0
BasicMotions,gconv_gru,predefined,,none,1024,105733,0.975,0.974937343358396,0.974937343358396,0.9772727272727272,0.975
BasicMotions,gconv_gru,predefined_correlation,,correlation,42,105733,1.0,1.0,1.0,1.0,1.0
BasicMotions,gconv_gru,predefined_correlation,,correlation,123,105733,1.0,1.0,1.0,1.0,1.0
BasicMotions,gconv_gru,predefined_correlation,,correlation,456,105733,1.0,1.0,1.0,1.0,1.0
BasicMotions,gconv_gru,predefined_correlation,,correlation,789,105733,1.0,1.0,1.0,1.0,1.0
BasicMotions,gconv_gru,predefined_correlation,,correlation,1024,105733,1.0,1.0,1.0,1.0,1.0
BasicMotions,gconv_gru,predefined_dtw,,dtw,42,105733,1.0,1.0,1.0,1.0,1.0
BasicMotions,gconv_gru,predefined_dtw,,dtw,123,105733,1.0,1.0,1.0,1.0,1.0
BasicMotions,gconv_gru,predefined_dtw,,dtw,456,105733,1.0,1.0,1.0,1.0,1.0
BasicMotions,gconv_gru,predefined_dtw,,dtw,789,105733,0.975,0.974937343358396,0.974937343358396,0.9772727272727272,0.975
BasicMotions,gconv_gru,predefined_dtw,,dtw,1024,105733,0.975,0.974937343358396,0.974937343358396,0.9772727272727272,0.975
BasicMotions,gconv_gru,predefined_knn_correlation,,correlation,42,105733,1.0,1.0,1.0,1.0,1.0
BasicMotions,gconv_gru,predefined_knn_correlation,,correlation,123,105733,1.0,1.0,1.0,1.0,1.0
BasicMotions,gconv_gru,predefined_knn_correlation,,correlation,456,105733,1.0,1.0,1.0,1.0,1.0
BasicMotions,gconv_gru,predefined_knn_correlation,,correlation,789,105733,1.0,1.0,1.0,1.0,1.0
BasicMotions,gconv_gru,predefined_knn_correlation,,correlation,1024,105733,1.0,1.0,1.0,1.0,1.0
BasicMotions,gconv_lstm,adaptive,SVD,none,42,138821,1.0,1.0,1.0,1.0,1.0
BasicMotions,gconv_lstm,adaptive,SVD,none,123,138821,1.0,1.0,1.0,1.0,1.0
BasicMotions,gconv_lstm,adaptive,SVD,none,456,138821,1.0,1.0,1.0,1.0,1.0
BasicMotions,gconv_lstm,adaptive,SVD,none,789,138821,0.95,0.95,0.95,0.95,0.95
BasicMotions,gconv_lstm,adaptive,SVD,none,1024,138821,1.0,1.0,1.0,1.0,1.0
BasicMotions,gconv_lstm,adaptive_binary,SVD,binary,42,138821,1.0,1.0,1.0,1.0,1.0
BasicMotions,gconv_lstm,adaptive_binary,SVD,binary,123,138821,1.0,1.0,1.0,1.0,1.0
BasicMotions,gconv_lstm,adaptive_binary,SVD,binary,456,138821,0.975,0.974937343358396,0.974937343358396,0.9772727272727272,0.975
BasicMotions,gconv_lstm,adaptive_binary,SVD,binary,789,138821,0.975,0.974937343358396,0.974937343358396,0.9772727272727272,0.975
BasicMotions,gconv_lstm,adaptive_binary,SVD,binary,1024,138821,0.975,0.974937343358396,0.974937343358396,0.9772727272727272,0.975
BasicMotions,gconv_lstm,adaptive_correlation,SVD,correlation,42,138821,1.0,1.0,1.0,1.0,1.0
BasicMotions,gconv_lstm,adaptive_correlation,SVD,correlation,123,138821,1.0,1.0,1.0,1.0,1.0
BasicMotions,gconv_lstm,adaptive_correlation,SVD,correlation,456,138821,1.0,1.0,1.0,1.0,1.0
BasicMotions,gconv_lstm,adaptive_correlation,SVD,correlation,789,138821,1.0,1.0,1.0,1.0,1.0
BasicMotions,gconv_lstm,adaptive_correlation,SVD,correlation,1024,138821,1.0,1.0,1.0,1.0,1.0
BasicMotions,gconv_lstm,adaptive_dtw,SVD,dtw,42,138821,1.0,1.0,1.0,1.0,1.0
BasicMotions,gconv_lstm,adaptive_dtw,SVD,dtw,123,138821,1.0,1.0,1.0,1.0,1.0
BasicMotions,gconv_lstm,adaptive_dtw,SVD,dtw,456,138821,1.0,1.0,1.0,1.0,1.0
BasicMotions,gconv_lstm,adaptive_dtw,SVD,dtw,789,138821,1.0,1.0,1.0,1.0,1.0
BasicMotions,gconv_lstm,adaptive_dtw,SVD,dtw,1024,138821,1.0,1.0,1.0,1.0,1.0
BasicMotions,gconv_lstm,adaptive_knn,SVD,knn,42,138821,1.0,1.0,1.0,1.0,1.0
BasicMotions,gconv_lstm,adaptive_knn,SVD,knn,123,138821,1.0,1.0,1.0,1.0,1.0
BasicMotions,gconv_lstm,adaptive_knn,SVD,knn,456,138821,1.0,1.0,1.0,1.0,1.0
BasicMotions,gconv_lstm,adaptive_knn,SVD,knn,789,138821,1.0,1.0,1.0,1.0,1.0
BasicMotions,gconv_lstm,adaptive_knn,SVD,knn,1024,138821,1.0,1.0,1.0,1.0,1.0
BasicMotions,gconv_lstm,predefined,,none,42,138629,0.975,0.974937343358396,0.974937343358396,0.9772727272727272,0.975
BasicMotions,gconv_lstm,predefined,,none,123,138629,1.0,1.0,1.0,1.0,1.0
BasicMotions,gconv_lstm,predefined,,none,456,138629,1.0,1.0,1.0,1.0,1.0
BasicMotions,gconv_lstm,predefined,,none,789,138629,0.95,0.95,0.95,0.95,0.95
BasicMotions,gconv_lstm,predefined,,none,1024,138629,1.0,1.0,1.0,1.0,1.0
BasicMotions,gconv_lstm,predefined_correlation,,correlation,42,138629,1.0,1.0,1.0,1.0,1.0
BasicMotions,gconv_lstm,predefined_correlation,,correlation,123,138629,1.0,1.0,1.0,1.0,1.0
BasicMotions,gconv_lstm,predefined_correlation,,correlation,456,138629,1.0,1.0,1.0,1.0,1.0
BasicMotions,gconv_lstm,predefined_correlation,,correlation,789,138629,1.0,1.0,1.0,1.0,1.0
BasicMotions,gconv_lstm,predefined_correlation,,correlation,1024,138629,1.0,1.0,1.0,1.0,1.0
BasicMotions,gconv_lstm,predefined_dtw,,dtw,42,138629,1.0,1.0,1.0,1.0,1.0
BasicMotions,gconv_lstm,predefined_dtw,,dtw,123,138629,1.0,1.0,1.0,1.0,1.0
BasicMotions,gconv_lstm,predefined_dtw,,dtw,456,138629,0.95,0.949874686716792,0.949874686716792,0.9545454545454546,0.95
BasicMotions,gconv_lstm,predefined_dtw,,dtw,789,138629,1.0,1.0,1.0,1.0,1.0
BasicMotions,gconv_lstm,predefined_dtw,,dtw,1024,138629,1.0,1.0,1.0,1.0,1.0
BasicMotions,gconv_lstm,predefined_knn_correlation,,correlation,42,138629,1.0,1.0,1.0,1.0,1.0
BasicMotions,gconv_lstm,predefined_knn_correlation,,correlation,123,138629,1.0,1.0,1.0,1.0,1.0
BasicMotions,gconv_lstm,predefined_knn_correlation,,correlation,456,138629,1.0,1.0,1.0,1.0,1.0
BasicMotions,gconv_lstm,predefined_knn_correlation,,correlation,789,138629,1.0,1.0,1.0,1.0,1.0
BasicMotions,gconv_lstm,predefined_knn_correlation,,correlation,1024,138629,1.0,1.0,1.0,1.0,1.0
BasicMotions,hybrid_tgnn,adaptive,SVD,none,42,105926,1.0,1.0,1.0,1.0,1.0
BasicMotions,hybrid_tgnn,adaptive,SVD,none,123,105926,1.0,1.0,1.0,1.0,1.0
BasicMotions,hybrid_tgnn,adaptive,SVD,none,456,105926,1.0,1.0,1.0,1.0,1.0
BasicMotions,hybrid_tgnn,adaptive,SVD,none,789,105926,1.0,1.0,1.0,1.0,1.0
BasicMotions,hybrid_tgnn,adaptive,SVD,none,1024,105926,1.0,1.0,1.0,1.0,1.0
BasicMotions,hybrid_tgnn,adaptive_binary,SVD,binary,42,105926,0.975,0.974937343358396,0.974937343358396,0.9772727272727272,0.975
BasicMotions,hybrid_tgnn,adaptive_binary,SVD,binary,123,105926,1.0,1.0,1.0,1.0,1.0
BasicMotions,hybrid_tgnn,adaptive_binary,SVD,binary,456,105926,1.0,1.0,1.0,1.0,1.0
BasicMotions,hybrid_tgnn,adaptive_binary,SVD,binary,789,105926,1.0,1.0,1.0,1.0,1.0
BasicMotions,hybrid_tgnn,adaptive_binary,SVD,binary,1024,105926,0.975,0.974937343358396,0.974937343358396,0.9772727272727272,0.975
BasicMotions,hybrid_tgnn,adaptive_correlation,SVD,correlation,42,105926,1.0,1.0,1.0,1.0,1.0
BasicMotions,hybrid_tgnn,adaptive_correlation,SVD,correlation,123,105926,1.0,1.0,1.0,1.0,1.0
BasicMotions,hybrid_tgnn,adaptive_correlation,SVD,correlation,456,105926,1.0,1.0,1.0,1.0,1.0
BasicMotions,hybrid_tgnn,adaptive_correlation,SVD,correlation,789,105926,1.0,1.0,1.0,1.0,1.0
BasicMotions,hybrid_tgnn,adaptive_correlation,SVD,correlation,1024,105926,1.0,1.0,1.0,1.0,1.0
BasicMotions,hybrid_tgnn,adaptive_dtw,SVD,dtw,42,105926,1.0,1.0,1.0,1.0,1.0
BasicMotions,hybrid_tgnn,adaptive_dtw,SVD,dtw,123,105926,1.0,1.0,1.0,1.0,1.0
BasicMotions,hybrid_tgnn,adaptive_dtw,SVD,dtw,456,105926,1.0,1.0,1.0,1.0,1.0
BasicMotions,hybrid_tgnn,adaptive_dtw,SVD,dtw,789,105926,0.975,0.974937343358396,0.974937343358396,0.9772727272727272,0.975
BasicMotions,hybrid_tgnn,adaptive_dtw,SVD,dtw,1024,105926,1.0,1.0,1.0,1.0,1.0
BasicMotions,hybrid_tgnn,adaptive_knn,SVD,knn,42,105926,1.0,1.0,1.0,1.0,1.0
BasicMotions,hybrid_tgnn,adaptive_knn,SVD,knn,123,105926,1.0,1.0,1.0,1.0,1.0
BasicMotions,hybrid_tgnn,adaptive_knn,SVD,knn,456,105926,1.0,1.0,1.0,1.0,1.0
BasicMotions,hybrid_tgnn,adaptive_knn,SVD,knn,789,105926,1.0,1.0,1.0,1.0,1.0
BasicMotions,hybrid_tgnn,adaptive_knn,SVD,knn,1024,105926,1.0,1.0,1.0,1.0,1.0
BasicMotions,hybrid_tgnn,predefined,,none,42,105926,0.975,0.974937343358396,0.974937343358396,0.9772727272727272,0.975
BasicMotions,hybrid_tgnn,predefined,,none,123,105926,1.0,1.0,1.0,1.0,1.0
BasicMotions,hybrid_tgnn,predefined,,none,456,105926,1.0,1.0,1.0,1.0,1.0
BasicMotions,hybrid_tgnn,predefined,,none,789,105926,1.0,1.0,1.0,1.0,1.0
BasicMotions,hybrid_tgnn,predefined,,none,1024,105926,0.975,0.974937343358396,0.974937343358396,0.9772727272727272,0.975
BasicMotions,hybrid_tgnn,predefined_correlation,,correlation,42,105926,1.0,1.0,1.0,1.0,1.0
BasicMotions,hybrid_tgnn,predefined_correlation,,correlation,123,105926,1.0,1.0,1.0,1.0,1.0
BasicMotions,hybrid_tgnn,predefined_correlation,,correlation,456,105926,1.0,1.0,1.0,1.0,1.0
BasicMotions,hybrid_tgnn,predefined_correlation,,correlation,789,105926,1.0,1.0,1.0,1.0,1.0
BasicMotions,hybrid_tgnn,predefined_correlation,,correlation,1024,105926,1.0,1.0,1.0,1.0,1.0
BasicMotions,hybrid_tgnn,predefined_dtw,,dtw,42,105926,1.0,1.0,1.0,1.0,1.0
BasicMotions,hybrid_tgnn,predefined_dtw,,dtw,123,105926,1.0,1.0,1.0,1.0,1.0
BasicMotions,hybrid_tgnn,predefined_dtw,,dtw,456,105926,1.0,1.0,1.0,1.0,1.0
BasicMotions,hybrid_tgnn,predefined_dtw,,dtw,789,105926,0.975,0.974937343358396,0.974937343358396,0.9772727272727272,0.975
BasicMotions,hybrid_tgnn,predefined_dtw,,dtw,1024,105926,1.0,1.0,1.0,1.0,1.0
BasicMotions,hybrid_tgnn,predefined_knn_correlation,,correlation,42,105926,1.0,1.0,1.0,1.0,1.0
BasicMotions,hybrid_tgnn,predefined_knn_correlation,,correlation,123,105926,1.0,1.0,1.0,1.0,1.0
BasicMotions,hybrid_tgnn,predefined_knn_correlation,,correlation,456,105926,1.0,1.0,1.0,1.0,1.0
BasicMotions,hybrid_tgnn,predefined_knn_correlation,,correlation,789,105926,1.0,1.0,1.0,1.0,1.0
BasicMotions,hybrid_tgnn,predefined_knn_correlation,,correlation,1024,105926,1.0,1.0,1.0,1.0,1.0
Epilepsy,a3tgcn,adaptive_nosvd_binary,noSVD,binary,42,105872,0.9420289855072465,0.9381180223285488,0.9413413309294316,0.9387419871794872,0.9382352941176472
Epilepsy,a3tgcn,adaptive_nosvd_binary,noSVD,binary,123,105872,0.9710144927536232,0.9692200695479384,0.9708018171738768,0.9694795203735144,0.9696078431372548
Epilepsy,a3tgcn,adaptive_nosvd_binary,noSVD,binary,456,105872,0.9130434782608696,0.9066503334694432,0.9091425268718574,0.9131783786389048,0.9098039215686275
Epilepsy,a3tgcn,adaptive_nosvd_binary,noSVD,binary,789,105872,0.9130434782608696,0.9096335131171196,0.912441070584335,0.9171296296296296,0.9125728669846318
Epilepsy,a3tgcn,adaptive_nosvd_binary,noSVD,binary,1024,105872,0.9637681159420288,0.9626956376956376,0.9633554850946155,0.9648521505376344,0.9622549019607844
Epilepsy,a3tgcn,adaptive_nosvd_correlation,noSVD,correlation,42,105872,0.9420289855072465,0.9381180223285488,0.9413413309294316,0.9387419871794872,0.9382352941176472
Epilepsy,a3tgcn,adaptive_nosvd_correlation,noSVD,correlation,123,105872,0.9710144927536232,0.9692200695479384,0.9708018171738768,0.9694795203735144,0.9696078431372548
Epilepsy,a3tgcn,adaptive_nosvd_correlation,noSVD,correlation,456,105872,0.9130434782608696,0.9066503334694432,0.9091425268718574,0.9131783786389048,0.9098039215686275
Epilepsy,a3tgcn,adaptive_nosvd_correlation,noSVD,correlation,789,105872,0.9130434782608696,0.9096335131171196,0.912441070584335,0.9171296296296296,0.9125728669846318
Epilepsy,a3tgcn,adaptive_nosvd_correlation,noSVD,correlation,1024,105872,0.9565217391304348,0.9555784445439618,0.9560849012723076,0.9590460526315788,0.9539215686274508
Epilepsy,a3tgcn,adaptive_nosvd_dtw,noSVD,dtw,42,105872,0.9637681159420288,0.9626956376956376,0.9633554850946155,0.9648521505376344,0.9622549019607844
Epilepsy,a3tgcn,adaptive_nosvd_dtw,noSVD,dtw,123,105872,0.9347826086956522,0.9296127298068628,0.9331822689571122,0.935063085063085,0.932843137254902
Epilepsy,a3tgcn,adaptive_nosvd_dtw,noSVD,dtw,456,105872,0.9130434782608696,0.9104584982004338,0.912237685954376,0.9146083113188376,0.9131690514043456
Epilepsy,a3tgcn,adaptive_nosvd_dtw,noSVD,dtw,789,105872,0.927536231884058,0.9226401175553718,0.924961798211614,0.9328265765765766,0.927066772655008
Epilepsy,a3tgcn,adaptive_nosvd_dtw,noSVD,dtw,1024,105872,0.9565217391304348,0.9555784445439618,0.9560849012723076,0.9590460526315788,0.9539215686274508
Epilepsy,a3tgcn,adaptive_nosvd_knn,noSVD,knn,42,105872,0.9347826086956522,0.9316455087859196,0.9353740016187904,0.9329965639263552,0.9330551139374668
Epilepsy,a3tgcn,adaptive_nosvd_knn,noSVD,knn,123,105872,0.9637681159420288,0.9625236167341432,0.963170998846056,0.9642026903487008,0.9622549019607844
Epilepsy,a3tgcn,adaptive_nosvd_knn,noSVD,knn,456,105872,0.9347826086956522,0.93334008097166,0.934232431692386,0.934984328065822,0.9330551139374668
Epilepsy,a3tgcn,adaptive_nosvd_knn,noSVD,knn,789,105872,0.927536231884058,0.9244412818890996,0.9277386659822102,0.9312969924812032,0.9282591414944356
Epilepsy,a3tgcn,adaptive_nosvd_knn,noSVD,knn,1024,105872,0.9347826086956522,0.9317407745119074,0.933810543237285,0.9363300492610838,0.9308823529411764
Epilepsy,dcrnn,adaptive_nosvd_binary,noSVD,binary,42,204046,0.9347826086956522,0.9328673119497743,0.9333023278104504,0.9384237347947024,0.933439321674616
Epilepsy,dcrnn,adaptive_nosvd_binary,noSVD,binary,123,204046,0.9420289855072465,0.939919028340081,0.9412881143773592,0.9413945844760784,0.9398118706942236
Epilepsy,dcrnn,adaptive_nosvd_binary,noSVD,binary,456,204046,0.9565217391304348,0.9565024270542802,0.9562482121147108,0.961904761904762,0.9549019607843138
Epilepsy,dcrnn,adaptive_nosvd_binary,noSVD,binary,789,204046,0.9130434782608696,0.9045451805578388,0.9068978804476878,0.9219924812030076,0.9117647058823528
Epilepsy,dcrnn,adaptive_nosvd_binary,noSVD,binary,1024,204046,0.9710144927536232,0.9705363796040026,0.9705915817373408,0.9731854838709676,0.9705882352941176
Epilepsy,dcrnn,adaptive_nosvd_correlation,noSVD,correlation,42,204046,0.9347826086956522,0.9328673119497743,0.9333023278104504,0.9384237347947024,0.933439321674616
Epilepsy,dcrnn,adaptive_nosvd_correlation,noSVD,correlation,123,204046,0.9420289855072465,0.939919028340081,0.9412881143773592,0.9413945844760784,0.9398118706942236
Epilepsy,dcrnn,adaptive_nosvd_correlation,noSVD,correlation,456,204046,0.9565217391304348,0.9565024270542802,0.9562482121147108,0.961904761904762,0.9549019607843138
Epilepsy,dcrnn,adaptive_nosvd_correlation,noSVD,correlation,789,204046,0.9130434782608696,0.9045451805578388,0.9068978804476878,0.9219924812030076,0.9117647058823528
Epilepsy,dcrnn,adaptive_nosvd_correlation,noSVD,correlation,1024,204046,0.9710144927536232,0.9705363796040026,0.9705915817373408,0.9731854838709676,0.9705882352941176
Epilepsy,dcrnn,adaptive_nosvd_dtw,noSVD,dtw,42,204046,0.9347826086956522,0.9328673119497743,0.9333023278104504,0.9384237347947024,0.933439321674616
Epilepsy,dcrnn,adaptive_nosvd_dtw,noSVD,dtw,123,204046,0.9420289855072465,0.939919028340081,0.9412881143773592,0.9413945844760784,0.9398118706942236
Epilepsy,dcrnn,adaptive_nosvd_dtw,noSVD,dtw,456,204046,0.9565217391304348,0.9565024270542802,0.9562482121147108,0.961904761904762,0.9549019607843138
Epilepsy,dcrnn,adaptive_nosvd_dtw,noSVD,dtw,789,204046,0.9130434782608696,0.9045451805578388,0.9068978804476878,0.9219924812030076,0.9117647058823528
Epilepsy,dcrnn,adaptive_nosvd_dtw,noSVD,dtw,1024,204046,0.9710144927536232,0.9705363796040026,0.9705915817373408,0.9731854838709676,0.9705882352941176
Epilepsy,dcrnn,adaptive_nosvd_knn,noSVD,knn,42,204046,0.9347826086956522,0.9335816912972086,0.9336234858761095,0.9412959523910016,0.9318627450980392
Epilepsy,dcrnn,adaptive_nosvd_knn,noSVD,knn,123,204046,0.9637681159420288,0.9618952014335966,0.9633008792610396,0.9629859387923904,0.9622549019607844
Epilepsy,dcrnn,adaptive_nosvd_knn,noSVD,knn,456,204046,0.9565217391304348,0.9545271582925272,0.9557647226259128,0.9567876344086022,0.9549019607843138
Epilepsy,dcrnn,adaptive_nosvd_knn,noSVD,knn,789,204046,0.9855072463768116,0.9858452950558214,0.9854783533273236,0.9871794871794872,0.9852941176470588
Epilepsy,dcrnn,adaptive_nosvd_knn,noSVD,knn,1024,204046,0.9565217391304348,0.954977645305514,0.9561860947320676,0.9550880730050934,0.9554981452040276
Epilepsy,gconv_gru,adaptive_nosvd_binary,noSVD,binary,42,105742,0.9420289855072465,0.9414238298448824,0.942333369656024,0.9451853168958432,0.9394276629570748
Epilepsy,gconv_gru,adaptive_nosvd_binary,noSVD,binary,123,105742,0.9637681159420288,0.9618952014335966,0.9633008792610396,0.9629859387923904,0.9622549019607844
Epilepsy,gconv_gru,adaptive_nosvd_binary,noSVD,binary,456,105742,0.9202898550724636,0.9154342431761788,0.9195303340885388,0.9155215407470289,0.9167726550079492
Epilepsy,gconv_gru,adaptive_nosvd_binary,noSVD,binary,789,105742,0.9565217391304348,0.9545271582925272,0.9557647226259128,0.9567876344086022,0.9549019607843138
Epilepsy,gconv_gru,adaptive_nosvd_binary,noSVD,binary,1024,105742,0.9637681159420288,0.9637114298131249,0.9636138037022342,0.9675452399685288,0.9622549019607844
Epilepsy,gconv_gru,adaptive_nosvd_correlation,noSVD,correlation,42,105742,0.9420289855072465,0.9414238298448824,0.942333369656024,0.9451853168958432,0.9394276629570748
Epilepsy,gconv_gru,adaptive_nosvd_correlation,noSVD,correlation,123,105742,0.9637681159420288,0.9618952014335966,0.9633008792610396,0.9629859387923904,0.9622549019607844
Epilepsy,gconv_gru,adaptive_nosvd_correlation,noSVD,correlation,456,105742,0.9202898550724636,0.9154342431761788,0.9195303340885388,0.9155215407470289,0.9167726550079492
Epilepsy,gconv_gru,adaptive_nosvd_correlation,noSVD,correlation,789,105742,0.9565217391304348,0.9545271582925272,0.9557647226259128,0.9567876344086022,0.9549019607843138
Epilepsy,gconv_gru,adaptive_nosvd_correlation,noSVD,correlation,1024,105742,0.9637681159420288,0.9637114298131249,0.9636138037022342,0.9675452399685288,0.9622549019607844
Epilepsy,gconv_gru,adaptive_nosvd_dtw,noSVD,dtw,42,105742,0.9420289855072465,0.9414238298448824,0.942333369656024,0.9451853168958432,0.9394276629570748
Epilepsy,gconv_gru,adaptive_nosvd_dtw,noSVD,dtw,123,105742,0.9637681159420288,0.9618952014335966,0.9633008792610396,0.9629859387923904,0.9622549019607844
Epilepsy,gconv_gru,adaptive_nosvd_dtw,noSVD,dtw,456,105742,0.9202898550724636,0.9154342431761788,0.9195303340885388,0.9155215407470289,0.9167726550079492
Epilepsy,gconv_gru,adaptive_nosvd_dtw,noSVD,dtw,789,105742,0.9565217391304348,0.9545271582925272,0.9557647226259128,0.9567876344086022,0.9549019607843138
Epilepsy,gconv_gru,adaptive_nosvd_dtw,noSVD,dtw,1024,105742,0.9637681159420288,0.9637114298131249,0.9636138037022342,0.9675452399685288,0.9622549019607844
Epilepsy,gconv_gru,adaptive_nosvd_knn,noSVD,knn,42,105742,0.9637681159420288,0.9637114298131249,0.9636138037022342,0.9675452399685288,0.9622549019607844
Epilepsy,gconv_gru,adaptive_nosvd_knn,noSVD,knn,123,105742,0.9420289855072465,0.9396240687065311,0.9405487046220444,0.9451804915514592,0.9401960784313724
Epilepsy,gconv_gru,adaptive_nosvd_knn,noSVD,knn,456,105742,0.927536231884058,0.9239562948467058,0.92681215283955,0.925,0.9241255961844196
Epilepsy,gconv_gru,adaptive_nosvd_knn,noSVD,knn,789,105742,0.9420289855072465,0.9398480196093985,0.9411771966576092,0.9435515664423886,0.9407922628510864
Epilepsy,gconv_gru,adaptive_nosvd_knn,noSVD,knn,1024,105742,0.9637681159420288,0.9637114298131249,0.9636138037022342,0.9675452399685288,0.9622549019607844
Epilepsy,gconv_lstm,adaptive_nosvd_binary,noSVD,binary,42,138638,0.927536231884058,0.9266683760487296,0.926738758208662,0.935921254886772,0.9251059883412824
Epilepsy,gconv_lstm,adaptive_nosvd_binary,noSVD,binary,123,138638,0.9420289855072465,0.9398594237303914,0.941189427164182,0.9429418103448276,0.9407922628510864
Epilepsy,gconv_lstm,adaptive_nosvd_binary,noSVD,binary,456,138638,0.9347826086956522,0.9327351279494848,0.934717104724474,0.9336100138785096,0.932074721780604
Epilepsy,gconv_lstm,adaptive_nosvd_binary,noSVD,binary,789,138638,0.8985507246376812,0.8933669774292082,0.8959089470985195,0.8986291486291487,0.896290408055114
Epilepsy,gconv_lstm,adaptive_nosvd_binary,noSVD,binary,1024,138638,0.8913043478260869,0.8853609437315763,0.8893273164657484,0.893584356819651,0.8879570747217806
Epilepsy,gconv_lstm,adaptive_nosvd_correlation,noSVD,correlation,42,138638,0.927536231884058,0.9266683760487296,0.926738758208662,0.935921254886772,0.9251059883412824
Epilepsy,gconv_lstm,adaptive_nosvd_correlation,noSVD,correlation,123,138638,0.9420289855072465,0.9398594237303914,0.941189427164182,0.9429418103448276,0.9407922628510864
Epilepsy,gconv_lstm,adaptive_nosvd_correlation,noSVD,correlation,456,138638,0.9347826086956522,0.9327351279494848,0.934717104724474,0.9336100138785096,0.932074721780604
Epilepsy,gconv_lstm,adaptive_nosvd_correlation,noSVD,correlation,789,138638,0.8985507246376812,0.8933669774292082,0.8959089470985195,0.8986291486291487,0.896290408055114
Epilepsy,gconv_lstm,adaptive_nosvd_correlation,noSVD,correlation,1024,138638,0.8913043478260869,0.8853609437315763,0.8893273164657484,0.893584356819651,0.8879570747217806
Epilepsy,gconv_lstm,adaptive_nosvd_dtw,noSVD,dtw,42,138638,0.927536231884058,0.9266683760487296,0.926738758208662,0.935921254886772,0.9251059883412824
Epilepsy,gconv_lstm,adaptive_nosvd_dtw,noSVD,dtw,123,138638,0.9420289855072465,0.9398594237303914,0.941189427164182,0.9429418103448276,0.9407922628510864
Epilepsy,gconv_lstm,adaptive_nosvd_dtw,noSVD,dtw,456,138638,0.9347826086956522,0.9327351279494848,0.934717104724474,0.9336100138785096,0.932074721780604
Epilepsy,gconv_lstm,adaptive_nosvd_dtw,noSVD,dtw,789,138638,0.8985507246376812,0.8933669774292082,0.8959089470985195,0.8986291486291487,0.896290408055114
Epilepsy,gconv_lstm,adaptive_nosvd_dtw,noSVD,dtw,1024,138638,0.8913043478260869,0.8853609437315763,0.8893273164657484,0.893584356819651,0.8879570747217806
Epilepsy,gconv_lstm,adaptive_nosvd_knn,noSVD,knn,42,138638,0.9130434782608696,0.9118997317236754,0.9141388427181448,0.9208006842511864,0.9098436671966084
Epilepsy,gconv_lstm,adaptive_nosvd_knn,noSVD,knn,123,138638,0.9057971014492754,0.90484530535378,0.9059754438089,0.9061399907815516,0.9044515103338632
Epilepsy,gconv_lstm,adaptive_nosvd_knn,noSVD,knn,456,138638,0.9347826086956522,0.9316675730658448,0.9340856592470376,0.9360474665352714,0.9299019607843138
Epilepsy,gconv_lstm,adaptive_nosvd_knn,noSVD,knn,789,138638,0.8913043478260869,0.8790799741224831,0.8830602644621159,0.8977003319108582,0.8887254901960785
Epilepsy,gconv_lstm,adaptive_nosvd_knn,noSVD,knn,1024,138638,0.927536231884058,0.9234629294755876,0.9260948187750608,0.9279967159277503,0.9235294117647058
Epilepsy,hybrid_tgnn,adaptive_nosvd_binary,noSVD,binary,42,105743,0.927536231884058,0.9224102778941488,0.9252029815283672,0.925563909774436,0.9245098039215688
Epilepsy,hybrid_tgnn,adaptive_nosvd_binary,noSVD,binary,123,105743,0.8913043478260869,0.8837878787878788,0.8881247255160298,0.8892825011246064,0.8889374668786434
Epilepsy,hybrid_tgnn,adaptive_nosvd_binary,noSVD,binary,456,105743,0.9637681159420288,0.9623539542894382,0.9629875864097462,0.965625,0.9632352941176472
Epilepsy,hybrid_tgnn,adaptive_nosvd_binary,noSVD,binary,789,105743,0.927536231884058,0.92496740547588,0.9268389924985356,0.9280772674245096,0.9241255961844196
Epilepsy,hybrid_tgnn,adaptive_nosvd_binary,noSVD,binary,1024,105743,0.9420289855072465,0.9402153507830938,0.9411797399948384,0.944950738916256,0.9392156862745098
Epilepsy,hybrid_tgnn,adaptive_nosvd_correlation,noSVD,correlation,42,105743,0.9637681159420288,0.964004884004884,0.9631218700783918,0.96903080872914,0.9632352941176472
Epilepsy,hybrid_tgnn,adaptive_nosvd_correlation,noSVD,correlation,123,105743,0.9565217391304348,0.955408653846154,0.9559062616127832,0.9589430894308943,0.9549019607843138
Epilepsy,hybrid_tgnn,adaptive_nosvd_correlation,noSVD,correlation,456,105743,0.9492753623188406,0.9492349340866292,0.9488315046808048,0.956495589414595,0.9475490196078432
Epilepsy,hybrid_tgnn,adaptive_nosvd_correlation,noSVD,correlation,789,105743,0.9710144927536232,0.9705363796040026,0.9705915817373408,0.9731854838709676,0.9705882352941176
Epilepsy,hybrid_tgnn,adaptive_nosvd_correlation,noSVD,correlation,1024,105743,0.9710144927536232,0.9682539682539684,0.9707844490453188,0.9736842105263158,0.9666666666666668
Epilepsy,hybrid_tgnn,adaptive_nosvd_dtw,noSVD,dtw,42,105743,0.9202898550724636,0.9145706382459424,0.9172091117521416,0.9192622902106212,0.917156862745098
Epilepsy,hybrid_tgnn,adaptive_nosvd_dtw,noSVD,dtw,123,105743,0.9057971014492754,0.902286528432905,0.9052808849334342,0.9229249011857708,0.8971648118706943
Epilepsy,hybrid_tgnn,adaptive_nosvd_dtw,noSVD,dtw,456,105743,0.9347826086956522,0.935099714538976,0.9348633120442992,0.943560606060606,0.932458929517753
Epilepsy,hybrid_tgnn,adaptive_nosvd_dtw,noSVD,dtw,789,105743,0.8985507246376812,0.8912864968868525,0.8936663431097975,0.9061188517710256,0.8982511923688394
Epilepsy,hybrid_tgnn,adaptive_nosvd_dtw,noSVD,dtw,1024,105743,0.9202898550724636,0.9149893047167098,0.9175047152509452,0.9189070589999382,0.9187334393216746
Epilepsy,hybrid_tgnn,adaptive_nosvd_knn,noSVD,knn,42,105743,0.9565217391304348,0.9548710010319916,0.9561886600559368,0.9585417162816544,0.9529411764705882
Epilepsy,hybrid_tgnn,adaptive_nosvd_knn,noSVD,knn,123,105743,0.9637681159420288,0.9625236167341432,0.963170998846056,0.9642026903487008,0.9622549019607844
Epilepsy,hybrid_tgnn,adaptive_nosvd_knn,noSVD,knn,456,105743,0.9855072463768116,0.9849925484351716,0.9853953649106892,0.9853565365025468,0.9852941176470588
Epilepsy,hybrid_tgnn,adaptive_nosvd_knn,noSVD,knn,789,105743,0.9710144927536232,0.9705363796040026,0.9705915817373408,0.9731854838709676,0.9705882352941176
Epilepsy,hybrid_tgnn,adaptive_nosvd_knn,noSVD,knn,1024,105743,0.9782608695652174,0.9773912725288908,0.9784206391884128,0.9797297297297296,0.9765765765765766
Epilepsy,a3tgcn,random_predef_seed1024,,none,1024,105863,0.9130434782608696,0.909784749382254,0.9129424123256946,0.9136243386243388,0.9080551139374669
Epilepsy,a3tgcn,random_predef_seed123,,none,123,105863,0.9057971014492754,0.8991508491508492,0.9032141771272209,0.9057692307692308,0.9030471648118708
Epilepsy,a3tgcn,random_predef_seed42,,none,42,105863,0.9420289855072465,0.94069637102424,0.9413091198550928,0.9447624732087144,0.9407922628510864
Epilepsy,a3tgcn,random_predef_seed456,,none,456,105863,0.8985507246376812,0.8916498563481875,0.8952400442605275,0.91010101010101,0.8941176470588236
Epilepsy,a3tgcn,random_predef_seed789,,none,789,105863,0.9420289855072465,0.938770269278744,0.9412670764918368,0.9405711206896552,0.9382352941176472
Epilepsy,dcrnn,random_predef_seed1024,,none,1024,204037,0.9347826086956522,0.9313776618861364,0.9337137602428688,0.9341748284001192,0.9308823529411764
Epilepsy,dcrnn,random_predef_seed123,,none,123,204037,0.9202898550724636,0.9166215135120476,0.9182436627487556,0.9208825565092904,0.917753047164812
Epilepsy,dcrnn,random_predef_seed42,,none,42,204037,0.9565217391304348,0.9557814992025518,0.9562443658553498,0.9568108974358976,0.9554981452040276
Epilepsy,dcrnn,random_predef_seed456,,none,456,204037,0.9347826086956522,0.932759863087732,0.9334876337727372,0.9361417835535418,0.9334393216746156
Epilepsy,dcrnn,random_predef_seed789,,none,789,204037,0.9202898550724636,0.915246766553119,0.9177808337421666,0.9197167755991286,0.9187334393216746
Epilepsy,gconv_gru,random_predef_seed1024,,none,1024,105733,0.9710144927536232,0.9714037647391542,0.9711647073000028,0.9736742424242424,0.9702040275569688
Epilepsy,gconv_gru,random_predef_seed123,,none,123,105733,0.927536231884058,0.9233449214433934,0.9253222818617372,0.9260301102406364,0.9260863804981452
Epilepsy,gconv_gru,random_predef_seed42,,none,42,105733,0.9347826086956522,0.9326343756790392,0.9354971833562508,0.9330357142857144,0.9336512983571806
Epilepsy,gconv_gru,random_predef_seed456,,none,456,105733,0.9420289855072465,0.9401889612469306,0.9419106236355508,0.942428894634777,0.9388314785373608
Epilepsy,gconv_gru,random_predef_seed789,,none,789,105733,0.9637681159420288,0.9637114298131249,0.9636138037022342,0.9675452399685288,0.9622549019607844
Epilepsy,gconv_lstm,random_predef_seed1024,,none,1024,138629,0.8768115942028986,0.8737208362208362,0.877502167719559,0.8755075351849546,0.8756359300476948
Epilepsy,gconv_lstm,random_predef_seed123,,none,123,138629,0.8623188405797102,0.8570758642554259,0.8626443010248749,0.8569470799072317,0.8573926868044515
Epilepsy,gconv_lstm,random_predef_seed42,,none,42,138629,0.9057971014492754,0.9029944870243378,0.9056485687504506,0.9032910901331954,0.9028749337572868
Epilepsy,gconv_lstm,random_predef_seed456,,none,456,138629,0.8913043478260869,0.8853179824561404,0.8890929316043733,0.8916122671018633,0.8844197138314784
Epilepsy,gconv_lstm,random_predef_seed789,,none,789,138629,0.9130434782608696,0.907242183104252,0.9114696730888634,0.9097615418118468,0.9068627450980392
Epilepsy,hybrid_tgnn,random_predef_seed1024,,none,1024,105830,0.9637681159420288,0.9630099502487562,0.9636426562837984,0.9633572567783094,0.9628510863804982
Epilepsy,hybrid_tgnn,random_predef_seed123,,none,123,105830,0.9202898550724636,0.9188535888828064,0.919815082400826,0.9178503787878788,0.920521992580816
Epilepsy,hybrid_tgnn,random_predef_seed42,,none,42,105830,0.9492753623188406,0.9465862006845612,0.947625748766162,0.9528824833702882,0.9485294117647058
Epilepsy,hybrid_tgnn,random_predef_seed456,,none,456,105830,0.9420289855072465,0.9407513390564238,0.9416722228070792,0.9429418103448276,0.9398118706942236
Epilepsy,hybrid_tgnn,random_predef_seed789,,none,789,105830,0.9347826086956522,0.9301998911834978,0.9323750898661806,0.9351087630692894,0.932843137254902
Epilepsy,a3tgcn,adaptive_nosvd_random_predef_seed1024,noSVD,none,1024,105872,0.9565217391304348,0.9555784445439618,0.9560849012723076,0.9590460526315788,0.9539215686274508
Epilepsy,a3tgcn,adaptive_nosvd_random_predef_seed123,noSVD,none,123,105872,0.9347826086956522,0.9296127298068628,0.9331822689571122,0.935063085063085,0.932843137254902
Epilepsy,a3tgcn,adaptive_nosvd_random_predef_seed42,noSVD,none,42,105872,0.9637681159420288,0.9626956376956376,0.9633554850946155,0.9648521505376344,0.9622549019607844
Epilepsy,a3tgcn,adaptive_nosvd_random_predef_seed456,noSVD,none,456,105872,0.9130434782608696,0.9104584982004338,0.912237685954376,0.9146083113188376,0.9131690514043456
Epilepsy,a3tgcn,adaptive_nosvd_random_predef_seed789,noSVD,none,789,105872,0.927536231884058,0.9226401175553718,0.924961798211614,0.9328265765765766,0.927066772655008
Epilepsy,a3tgcn,adaptive_random_predef_seed1024,SVD,none,1024,105959,0.927536231884058,0.9233500417710944,0.9265373578874724,0.925649063580098,0.9251059883412824
Epilepsy,a3tgcn,adaptive_random_predef_seed123,SVD,none,123,105959,0.9492753623188406,0.9474411433315544,0.9489904576265504,0.9489583333333332,0.9471648118706942
Epilepsy,a3tgcn,adaptive_random_predef_seed42,SVD,none,42,105959,0.8913043478260869,0.8848205179217539,0.8886574809289715,0.8983134920634921,0.8889374668786434
Epilepsy,a3tgcn,adaptive_random_predef_seed456,SVD,none,456,105959,0.927536231884058,0.9260227272727272,0.9267610891523934,0.9288377192982455,0.9257021727609964
Epilepsy,a3tgcn,adaptive_random_predef_seed789,SVD,none,789,105959,0.8840579710144928,0.8761050547036653,0.8800109320467989,0.8932154021028702,0.8800079491255962
Epilepsy,dcrnn,adaptive_nosvd_random_predef_seed1024,noSVD,none,1024,204046,0.9710144927536232,0.9705363796040026,0.9705915817373408,0.9731854838709676,0.9705882352941176
Epilepsy,dcrnn,adaptive_nosvd_random_predef_seed123,noSVD,none,123,204046,0.9420289855072465,0.939919028340081,0.9412881143773592,0.9413945844760784,0.9398118706942236
Epilepsy,dcrnn,adaptive_nosvd_random_predef_seed42,noSVD,none,42,204046,0.9347826086956522,0.9328673119497743,0.9333023278104504,0.9384237347947024,0.933439321674616
Epilepsy,dcrnn,adaptive_nosvd_random_predef_seed456,noSVD,none,456,204046,0.9565217391304348,0.9565024270542802,0.9562482121147108,0.961904761904762,0.9549019607843138
Epilepsy,dcrnn,adaptive_nosvd_random_predef_seed789,noSVD,none,789,204046,0.9130434782608696,0.9045451805578388,0.9068978804476878,0.9219924812030076,0.9117647058823528
Epilepsy,dcrnn,adaptive_random_predef_seed1024,SVD,none,1024,204133,0.9637681159420288,0.9637114298131249,0.9636138037022342,0.9675452399685288,0.9622549019607844
Epilepsy,dcrnn,adaptive_random_predef_seed123,SVD,none,123,204133,0.9782608695652174,0.9779897346452396,0.9782279214021812,0.9796037296037295,0.9769607843137256
Epilepsy,dcrnn,adaptive_random_predef_seed42,SVD,none,42,204133,0.9202898550724636,0.9171184371184372,0.9182898904638036,0.9204045121213462,0.917753047164812
Epilepsy,dcrnn,adaptive_random_predef_seed456,SVD,none,456,204133,0.9637681159420288,0.9629823341866576,0.963671343239022,0.9660984848484848,0.9612745098039216
Epilepsy,dcrnn,adaptive_random_predef_seed789,SVD,none,789,204133,0.9130434782608696,0.9040796160361376,0.9084035057570028,0.9235576923076922,0.9117647058823528
Epilepsy,gconv_gru,adaptive_nosvd_random_predef_seed1024,noSVD,none,1024,105742,0.9565217391304348,0.9563257563039318,0.9565823222760578,0.962173579109063,0.9539215686274508
Epilepsy,gconv_gru,adaptive_nosvd_random_predef_seed123,noSVD,none,123,105742,0.9420289855072465,0.9407603578154426,0.9414623079232513,0.9478748997594226,0.9392156862745098
Epilepsy,gconv_gru,adaptive_nosvd_random_predef_seed42,noSVD,none,42,105742,0.9492753623188406,0.9480661040787624,0.948409058480605,0.9532840722495896,0.9475490196078432
Epilepsy,gconv_gru,adaptive_nosvd_random_predef_seed456,noSVD,none,456,105742,0.9130434782608696,0.9118404118404118,0.9144120828903438,0.919848901098901,0.9092474827768946
Epilepsy,gconv_gru,adaptive_nosvd_random_predef_seed789,noSVD,none,789,105742,0.927536231884058,0.9242255610995784,0.925843967623325,0.930026455026455,0.9276629570747216
Epilepsy,gconv_gru,adaptive_random_predef_seed1024,SVD,none,1024,105829,0.9637681159420288,0.9637114298131249,0.9636138037022342,0.9675452399685288,0.9622549019607844
Epilepsy,gconv_gru,adaptive_random_predef_seed123,SVD,none,123,105829,0.927536231884058,0.9252152371669916,0.9269629723799568,0.9343013468013468,0.9225490196078432
Epilepsy,gconv_gru,adaptive_random_predef_seed42,SVD,none,42,105829,0.9347826086956522,0.9311629370301696,0.9326547140181924,0.937541335978836,0.932843137254902
Epilepsy,gconv_gru,adaptive_random_predef_seed456,SVD,none,456,105829,0.9347826086956522,0.9319443603254396,0.9340973679675412,0.937541335978836,0.9299019607843138
Epilepsy,gconv_gru,adaptive_random_predef_seed789,SVD,none,789,105829,0.9420289855072465,0.9392876344086022,0.9408781362007168,0.94015899122807,0.9407922628510864
Epilepsy,gconv_lstm,adaptive_nosvd_random_predef_seed1024,noSVD,none,1024,138638,0.927536231884058,0.924414150220602,0.9271395582756032,0.9239864864864864,0.9257021727609964
Epilepsy,gconv_lstm,adaptive_nosvd_random_predef_seed123,noSVD,none,123,138638,0.9420289855072465,0.9413636363636364,0.9414404918752746,0.9419133771929824,0.9413884472708004
Epilepsy,gconv_lstm,adaptive_nosvd_random_predef_seed42,noSVD,none,42,138638,0.9565217391304348,0.955408653846154,0.9559062616127832,0.9589430894308943,0.9549019607843138
Epilepsy,gconv_lstm,adaptive_nosvd_random_predef_seed456,noSVD,none,456,138638,0.8913043478260869,0.8851034809938919,0.89012018136497,0.8874869383490073,0.8869766825649179
Epilepsy,gconv_lstm,adaptive_nosvd_random_predef_seed789,noSVD,none,789,138638,0.927536231884058,0.9236997616089716,0.9264281685836732,0.9281874039938556,0.9225490196078432
Epilepsy,gconv_lstm,adaptive_random_predef_seed1024,SVD,none,1024,138725,0.927536231884058,0.9230820246179966,0.9257700044290248,0.926147382029735,0.9260863804981452
Epilepsy,gconv_lstm,adaptive_random_predef_seed123,SVD,none,123,138725,0.9420289855072465,0.9404334677419356,0.9414276531089292,0.9419133771929824,0.9413884472708004
Epilepsy,gconv_lstm,adaptive_random_predef_seed42,SVD,none,42,138725,0.9202898550724636,0.9202217873450752,0.9209279900167332,0.9208333333333332,0.9201377848436672
Epilepsy,gconv_lstm,adaptive_random_predef_seed456,SVD,none,456,138725,0.8985507246376812,0.8932431907465048,0.8969611405200945,0.8972719353816915,0.8953100158982512
Epilepsy,gconv_lstm,adaptive_random_predef_seed789,SVD,none,789,138725,0.9347826086956522,0.9326730308554622,0.9340768556899914,0.933138182382134,0.9340355060943296
Epilepsy,hybrid_tgnn,adaptive_nosvd_random_predef_seed1024,noSVD,none,1024,105743,0.9420289855072465,0.9402153507830938,0.9411797399948384,0.944950738916256,0.9392156862745098
Epilepsy,hybrid_tgnn,adaptive_nosvd_random_predef_seed123,noSVD,none,123,105743,0.8913043478260869,0.8837878787878788,0.8881247255160298,0.8892825011246064,0.8889374668786434
Epilepsy,hybrid_tgnn,adaptive_nosvd_random_predef_seed42,noSVD,none,42,105743,0.927536231884058,0.9224102778941488,0.9252029815283672,0.925563909774436,0.9245098039215688
Epilepsy,hybrid_tgnn,adaptive_nosvd_random_predef_seed456,noSVD,none,456,105743,0.9637681159420288,0.9623539542894382,0.9629875864097462,0.965625,0.9632352941176472
Epilepsy,hybrid_tgnn,adaptive_nosvd_random_predef_seed789,noSVD,none,789,105743,0.927536231884058,0.92496740547588,0.9268389924985356,0.9280772674245096,0.9241255961844196
Epilepsy,hybrid_tgnn,adaptive_random_predef_seed1024,SVD,none,1024,105830,0.9637681159420288,0.9630099502487562,0.9636426562837984,0.9633572567783094,0.9628510863804982
Epilepsy,hybrid_tgnn,adaptive_random_predef_seed42,SVD,none,42,105830,0.9492753623188406,0.9465862006845612,0.947625748766162,0.9528824833702882,0.9485294117647058
Epilepsy,hybrid_tgnn,adaptive_random_predef_seed456,SVD,none,456,105830,0.9420289855072465,0.9407513390564238,0.9416722228070792,0.9429418103448276,0.9398118706942236
Epilepsy,hybrid_tgnn,adaptive_random_predef_seed789,SVD,none,789,105830,0.9347826086956522,0.9301998911834978,0.9323750898661806,0.9351087630692894,0.932843137254902
Epilepsy,a3tgcn,adaptive_correlation_mean,SVD,correlation,42,105959,0.9420289855072465,0.9381604059023414,0.940510089878954,0.9420183982683984,0.9401960784313724
Epilepsy,a3tgcn,adaptive_correlation_mean,SVD,correlation,123,105959,0.9637681159420288,0.9634583495600444,0.96334238430038,0.9666065365025468,0.9622549019607844
Epilepsy,a3tgcn,adaptive_correlation_mean,SVD,correlation,456,105959,0.8985507246376812,0.8932263814616755,0.8970756154899376,0.9192708333333334,0.888235294117647
Epilepsy,a3tgcn,adaptive_correlation_mean,SVD,correlation,789,105959,0.927536231884058,0.9255921221579124,0.92892029085708,0.9349547511312216,0.9288553259141494
Epilepsy,a3tgcn,adaptive_correlation_mean,SVD,correlation,1024,105959,0.9565217391304348,0.9538526570048308,0.956526289995099,0.9541353383458646,0.954133545310016
Epilepsy,a3tgcn,adaptive_correlation_meanstd,SVD,correlation,42,105959,0.9710144927536232,0.9704726368159204,0.9709971879731776,0.970933014354067,0.9702040275569688
Epilepsy,a3tgcn,adaptive_correlation_meanstd,SVD,correlation,123,105959,0.9637681159420288,0.9634583495600444,0.96334238430038,0.9666065365025468,0.9622549019607844
Epilepsy,a3tgcn,adaptive_correlation_meanstd,SVD,correlation,456,105959,0.8985507246376812,0.8932263814616755,0.8970756154899376,0.9192708333333334,0.888235294117647
Epilepsy,a3tgcn,adaptive_correlation_meanstd,SVD,correlation,789,105959,0.9637681159420288,0.9616750208855472,0.9630386352354314,0.9644522144522144,0.9632352941176472
Epilepsy,a3tgcn,adaptive_correlation_meanstd,SVD,correlation,1024,105959,0.9710144927536232,0.9692230576441104,0.9709047982274528,0.9725877192982456,0.9676470588235294
Epilepsy,a3tgcn,adaptive_correlation_nothresh,SVD,correlation,42,105959,0.9710144927536232,0.9692230576441104,0.9709047982274528,0.9725877192982456,0.9676470588235294
Epilepsy,a3tgcn,adaptive_correlation_nothresh,SVD,correlation,123,105959,0.9565217391304348,0.955944669365722,0.9561153161610828,0.9577924339384444,0.9554981452040276
Epilepsy,a3tgcn,adaptive_correlation_nothresh,SVD,correlation,456,105959,0.9130434782608696,0.9111906908990012,0.9134927576444852,0.934375,0.9049019607843136
Epilepsy,a3tgcn,adaptive_correlation_nothresh,SVD,correlation,789,105959,0.9710144927536232,0.9699362041467304,0.9707660125280264,0.971033653846154,0.9696078431372548
Epilepsy,a3tgcn,adaptive_correlation_nothresh,SVD,correlation,1024,105959,0.9710144927536232,0.9686274509803922,0.9710144927536232,0.9686274509803922,0.9686274509803922
Epilepsy,a3tgcn,adaptive_correlation_top50,SVD,correlation,42,105959,0.9420289855072465,0.9381604059023414,0.940510089878954,0.9420183982683984,0.9401960784313724
Epilepsy,a3tgcn,adaptive_correlation_top50,SVD,correlation,123,105959,0.9637681159420288,0.9634583495600444,0.96334238430038,0.9666065365025468,0.9622549019607844
Epilepsy,a3tgcn,adaptive_correlation_top50,SVD,correlation,456,105959,0.927536231884058,0.9224423352830812,0.9259047774424232,0.9408496732026144,0.918627450980392
Epilepsy,a3tgcn,adaptive_correlation_top50,SVD,correlation,789,105959,0.927536231884058,0.9255921221579124,0.92892029085708,0.9349547511312216,0.9288553259141494
Epilepsy,a3tgcn,adaptive_correlation_top50,SVD,correlation,1024,105959,0.9565217391304348,0.9538526570048308,0.956526289995099,0.9541353383458646,0.954133545310016
Epilepsy,a3tgcn,adaptive_nosvd_correlation_mean,noSVD,correlation,42,105872,0.9202898550724636,0.9178543640246256,0.9214329303123716,0.922136422136422,0.920521992580816
Epilepsy,a3tgcn,adaptive_nosvd_correlation_mean,noSVD,correlation,123,105872,0.927536231884058,0.9254867939078464,0.9258625940548136,0.9339781328847772,0.9235294117647058
Epilepsy,a3tgcn,adaptive_nosvd_correlation_mean,noSVD,correlation,456,105872,0.8840579710144928,0.8822723300984171,0.8842929807012982,0.8905603164139749,0.8788553259141495
Epilepsy,a3tgcn,adaptive_nosvd_correlation_mean,noSVD,correlation,789,105872,0.927536231884058,0.9250308776518454,0.9257694405485428,0.9349220223130106,0.9260863804981452
Epilepsy,a3tgcn,adaptive_nosvd_correlation_mean,noSVD,correlation,1024,105872,0.9492753623188406,0.9468235095707902,0.9488911619744558,0.9478702634328768,0.9461844197138314
Epilepsy,a3tgcn,adaptive_nosvd_correlation_meanstd,noSVD,correlation,42,105872,0.9565217391304348,0.9551040591675266,0.9565111450122892,0.9558069381598792,0.9551139374668788
Epilepsy,a3tgcn,adaptive_nosvd_correlation_meanstd,noSVD,correlation,123,105872,0.927536231884058,0.9254867939078464,0.9258625940548136,0.9339781328847772,0.9235294117647058
Epilepsy,a3tgcn,adaptive_nosvd_correlation_meanstd,noSVD,correlation,456,105872,0.8840579710144928,0.8822723300984171,0.8842929807012982,0.8905603164139749,0.8788553259141495
Epilepsy,a3tgcn,adaptive_nosvd_correlation_meanstd,noSVD,correlation,789,105872,0.9347826086956522,0.93251613540569,0.9347225721965152,0.9332173729706936,0.9346316905140436
Epilepsy,a3tgcn,adaptive_nosvd_correlation_meanstd,noSVD,correlation,1024,105872,0.9130434782608696,0.9084093531977916,0.9110995212285482,0.9133661311080666,0.9094197138314786
Epilepsy,a3tgcn,adaptive_nosvd_correlation_nothresh,noSVD,correlation,42,105872,0.9637681159420288,0.9625497979786042,0.963648192592272,0.9632379549214228,0.9628510863804982
Epilepsy,a3tgcn,adaptive_nosvd_correlation_nothresh,noSVD,correlation,123,105872,0.9420289855072465,0.9392517864649012,0.9413486363165622,0.9399405772495756,0.9398118706942236
Epilepsy,a3tgcn,adaptive_nosvd_correlation_nothresh,noSVD,correlation,456,105872,0.8768115942028986,0.8717957544463568,0.8757561093234221,0.8863970646255819,0.8683492315845257
Epilepsy,a3tgcn,adaptive_nosvd_correlation_nothresh,noSVD,correlation,789,105872,0.9057971014492754,0.8983955621886657,0.901679113823042,0.9098252215630264,0.9040275569687336
Epilepsy,a3tgcn,adaptive_nosvd_correlation_nothresh,noSVD,correlation,1024,105872,0.9420289855072465,0.9390097402597404,0.940689190037016,0.9413377192982456,0.9392156862745098
Epilepsy,a3tgcn,adaptive_nosvd_correlation_top50,noSVD,correlation,42,105872,0.9202898550724636,0.9178543640246256,0.9214329303123716,0.922136422136422,0.920521992580816
Epilepsy,a3tgcn,adaptive_nosvd_correlation_top50,noSVD,correlation,123,105872,0.8840579710144928,0.8799603174603174,0.8833390844260409,0.8955264593562466,0.8786433492315846
Epilepsy,a3tgcn,adaptive_nosvd_correlation_top50,noSVD,correlation,456,105872,0.9420289855072465,0.9405812100331308,0.9420555809689968,0.9403846661911178,0.9410042395336514
Epilepsy,a3tgcn,adaptive_nosvd_correlation_top50,noSVD,correlation,789,105872,0.927536231884058,0.9250308776518454,0.9257694405485428,0.9349220223130106,0.9260863804981452
Epilepsy,a3tgcn,adaptive_nosvd_correlation_top50,noSVD,correlation,1024,105872,0.9492753623188406,0.9468235095707902,0.9488911619744558,0.9478702634328768,0.9461844197138314
Epilepsy,a3tgcn,predefined_correlation_mean,,correlation,42,105863,0.9710144927536232,0.9692200695479384,0.9708018171738768,0.9694795203735144,0.9696078431372548
Epilepsy,a3tgcn,predefined_correlation_mean,,correlation,123,105863,1.0,1.0,1.0,1.0,1.0
Epilepsy,a3tgcn,predefined_correlation_mean,,correlation,456,105863,0.9855072463768116,0.9850764373546028,0.985494145582576,0.9860681114551084,0.984313725490196
Epilepsy,a3tgcn,predefined_correlation_mean,,correlation,789,105863,0.9710144927536232,0.9705363796040026,0.9705915817373408,0.9731854838709676,0.9705882352941176
Epilepsy,a3tgcn,predefined_correlation_mean,,correlation,1024,105863,0.9855072463768116,0.9858452950558214,0.9854783533273236,0.9871794871794872,0.9852941176470588
Epilepsy,a3tgcn,predefined_correlation_meanstd,,correlation,42,105863,0.9927536231884058,0.9921395234586096,0.9927447231923218,0.9928571428571428,0.9916666666666668
Epilepsy,a3tgcn,predefined_correlation_meanstd,,correlation,123,105863,1.0,1.0,1.0,1.0,1.0
Epilepsy,a3tgcn,predefined_correlation_meanstd,,correlation,456,105863,0.9855072463768116,0.9850764373546028,0.985494145582576,0.9860681114551084,0.984313725490196
Epilepsy,a3tgcn,predefined_correlation_meanstd,,correlation,789,105863,0.9855072463768116,0.9854135393039234,0.9855125654691615,0.985178727114211,0.9858903020667726
Epilepsy,a3tgcn,predefined_correlation_meanstd,,correlation,1024,105863,0.9710144927536232,0.9715544871794872,0.9708519137866964,0.975609756097561,0.9705882352941176
Epilepsy,a3tgcn,predefined_correlation_nothresh,,correlation,42,105863,0.9855072463768116,0.9842364532019704,0.985464410651817,0.9861111111111112,0.9833333333333334
Epilepsy,a3tgcn,predefined_correlation_nothresh,,correlation,123,105863,1.0,1.0,1.0,1.0,1.0
Epilepsy,a3tgcn,predefined_correlation_nothresh,,correlation,456,105863,0.9927536231884058,0.9929353233830844,0.9927478549282572,0.993421052631579,0.9926470588235294
Epilepsy,a3tgcn,predefined_correlation_nothresh,,correlation,789,105863,0.9782608695652174,0.977063688999173,0.9780412605938552,0.977796052631579,0.9779411764705882
Epilepsy,a3tgcn,predefined_correlation_nothresh,,correlation,1024,105863,0.9710144927536232,0.9715544871794872,0.9708519137866964,0.975609756097561,0.9705882352941176
Epilepsy,a3tgcn,predefined_correlation_top50,,correlation,42,105863,0.9710144927536232,0.9692200695479384,0.9708018171738768,0.9694795203735144,0.9696078431372548
Epilepsy,a3tgcn,predefined_correlation_top50,,correlation,123,105863,0.9927536231884058,0.9929353233830844,0.9927478549282572,0.993421052631579,0.9926470588235294
Epilepsy,a3tgcn,predefined_correlation_top50,,correlation,456,105863,0.9927536231884058,0.9929353233830844,0.9927478549282572,0.993421052631579,0.9926470588235294
Epilepsy,a3tgcn,predefined_correlation_top50,,correlation,789,105863,0.9710144927536232,0.9705363796040026,0.9705915817373408,0.9731854838709676,0.9705882352941176
Epilepsy,a3tgcn,predefined_correlation_top50,,correlation,1024,105863,0.9855072463768116,0.9858452950558214,0.9854783533273236,0.9871794871794872,0.9852941176470588
Epilepsy,dcrnn,adaptive_correlation_mean,SVD,correlation,42,204133,0.9202898550724636,0.916697544318512,0.9175568801620696,0.925306637697626,0.9187334393216746
Epilepsy,dcrnn,adaptive_correlation_mean,SVD,correlation,123,204133,0.9782608695652174,0.9771393034825872,0.9781469464272838,0.977511961722488,0.9769607843137256
Epilepsy,dcrnn,adaptive_correlation_mean,SVD,correlation,456,204133,0.9710144927536232,0.9696618136190722,0.9709877927653712,0.9703368393023566,0.969223635400106
Epilepsy,dcrnn,adaptive_correlation_mean,SVD,correlation,789,204133,0.9492753623188406,0.9465972222222222,0.9483132045088566,0.9488096509021032,0.9491255961844196
Epilepsy,dcrnn,adaptive_correlation_mean,SVD,correlation,1024,204133,0.9565217391304348,0.9561555695409096,0.9566457209040028,0.9591911764705884,0.9545177530471648
Epilepsy,dcrnn,adaptive_correlation_meanstd,SVD,correlation,42,204133,0.9492753623188406,0.9465862006845612,0.947625748766162,0.9528824833702882,0.9485294117647058
Epilepsy,dcrnn,adaptive_correlation_meanstd,SVD,correlation,123,204133,0.9782608695652174,0.9771393034825872,0.9781469464272838,0.977511961722488,0.9769607843137256
Epilepsy,dcrnn,adaptive_correlation_meanstd,SVD,correlation,456,204133,0.9710144927536232,0.9696618136190722,0.9709877927653712,0.9703368393023566,0.969223635400106
Epilepsy,dcrnn,adaptive_correlation_meanstd,SVD,correlation,789,204133,0.9637681159420288,0.9616750208855472,0.9630386352354314,0.9644522144522144,0.9632352941176472
Epilepsy,dcrnn,adaptive_correlation_meanstd,SVD,correlation,1024,204133,0.9782608695652174,0.9779897346452396,0.9782279214021812,0.9796037296037295,0.9769607843137256
Epilepsy,dcrnn,adaptive_correlation_nothresh,SVD,correlation,42,204133,0.9492753623188406,0.9471066274344964,0.9481838875994256,0.950860034184324,0.9475490196078432
Epilepsy,dcrnn,adaptive_correlation_nothresh,SVD,correlation,123,204133,0.9782608695652174,0.978549257759784,0.9779982006297796,0.9806005398110662,0.9779411764705882
Epilepsy,dcrnn,adaptive_correlation_nothresh,SVD,correlation,456,204133,0.9565217391304348,0.9545271582925272,0.9557647226259128,0.9567876344086022,0.9549019607843138
Epilepsy,dcrnn,adaptive_correlation_nothresh,SVD,correlation,789,204133,0.9637681159420288,0.9623539542894382,0.9629875864097462,0.965625,0.9632352941176472
Epilepsy,dcrnn,adaptive_correlation_nothresh,SVD,correlation,1024,204133,0.9855072463768116,0.9850764373546028,0.985494145582576,0.9860681114551084,0.984313725490196
Epilepsy,dcrnn,adaptive_correlation_top50,SVD,correlation,42,204133,0.9202898550724636,0.916697544318512,0.9175568801620696,0.925306637697626,0.9187334393216746
Epilepsy,dcrnn,adaptive_correlation_top50,SVD,correlation,123,204133,0.9710144927536232,0.970870936972632,0.97093739798235,0.9734375,0.9696078431372548
Epilepsy,dcrnn,adaptive_correlation_top50,SVD,correlation,456,204133,0.9855072463768116,0.9850764373546028,0.985494145582576,0.9860681114551084,0.984313725490196
Epilepsy,dcrnn,adaptive_correlation_top50,SVD,correlation,789,204133,0.9492753623188406,0.9465972222222222,0.9483132045088566,0.9488096509021032,0.9491255961844196
Epilepsy,dcrnn,adaptive_correlation_top50,SVD,correlation,1024,204133,0.9565217391304348,0.9561555695409096,0.9566457209040028,0.9591911764705884,0.9545177530471648
Epilepsy,dcrnn,adaptive_nosvd_correlation_mean,noSVD,correlation,42,204046,0.9492753623188406,0.9475445458496304,0.9486637819725512,0.950860034184324,0.9465686274509804
Epilepsy,dcrnn,adaptive_nosvd_correlation_mean,noSVD,correlation,123,204046,0.9420289855072465,0.9416040100250628,0.942526606371,0.9455409356725146,0.9394276629570748
Epilepsy,dcrnn,adaptive_nosvd_correlation_mean,noSVD,correlation,456,204046,0.9492753623188406,0.948633448611624,0.9490014973039284,0.9541090629800308,0.9465686274509804
Epilepsy,dcrnn,adaptive_nosvd_correlation_mean,noSVD,correlation,789,204046,0.9202898550724636,0.914591961710606,0.9163579268516632,0.9227067669172933,0.9197138314785374
Epilepsy,dcrnn,adaptive_nosvd_correlation_mean,noSVD,correlation,1024,204046,0.9565217391304348,0.9545271582925272,0.9557647226259128,0.9567876344086022,0.9549019607843138
Epilepsy,dcrnn,adaptive_nosvd_correlation_meanstd,noSVD,correlation,42,204046,0.9420289855072465,0.9402524840070776,0.9404188242070608,0.9463972431077694,0.9401960784313724
Epilepsy,dcrnn,adaptive_nosvd_correlation_meanstd,noSVD,correlation,123,204046,0.9420289855072465,0.9416040100250628,0.942526606371,0.9455409356725146,0.9394276629570748
Epilepsy,dcrnn,adaptive_nosvd_correlation_meanstd,noSVD,correlation,456,204046,0.9492753623188406,0.948633448611624,0.9490014973039284,0.9541090629800308,0.9465686274509804
Epilepsy,dcrnn,adaptive_nosvd_correlation_meanstd,noSVD,correlation,789,204046,0.9492753623188406,0.946352930223898,0.948153477606493,0.9491918103448276,0.9475490196078432
Epilepsy,dcrnn,adaptive_nosvd_correlation_meanstd,noSVD,correlation,1024,204046,0.9420289855072465,0.940679697910636,0.9412912385448508,0.9454883733248584,0.9407922628510864
Epilepsy,dcrnn,adaptive_nosvd_correlation_nothresh,noSVD,correlation,42,204046,0.9347826086956522,0.932320451264144,0.933924420457736,0.9371159754224272,0.9308823529411764
Epilepsy,dcrnn,adaptive_nosvd_correlation_nothresh,noSVD,correlation,123,204046,0.9202898550724636,0.917463662308356,0.9193194552255962,0.9179073614557486,0.9183492315845256
Epilepsy,dcrnn,adaptive_nosvd_correlation_nothresh,noSVD,correlation,456,204046,0.9347826086956522,0.9311629370301696,0.9326547140181924,0.937541335978836,0.932843137254902
Epilepsy,dcrnn,adaptive_nosvd_correlation_nothresh,noSVD,correlation,789,204046,0.9347826086956522,0.929224853350634,0.9320236887746488,0.9389338731443996,0.9338235294117648
Epilepsy,dcrnn,adaptive_nosvd_correlation_nothresh,noSVD,correlation,1024,204046,0.9420289855072465,0.9379680735930735,0.939541847041847,0.9452592879256968,0.9411764705882352
Epilepsy,dcrnn,adaptive_nosvd_correlation_top50,noSVD,correlation,42,204046,0.9492753623188406,0.9475445458496304,0.9486637819725512,0.950860034184324,0.9465686274509804
Epilepsy,dcrnn,adaptive_nosvd_correlation_top50,noSVD,correlation,123,204046,0.9782608695652174,0.9783258817685048,0.9782456064565828,0.9787775891341256,0.978537360890302
Epilepsy,dcrnn,adaptive_nosvd_correlation_top50,noSVD,correlation,456,204046,0.9492753623188406,0.9480661040787624,0.948409058480605,0.9532840722495896,0.9475490196078432
Epilepsy,dcrnn,adaptive_nosvd_correlation_top50,noSVD,correlation,789,204046,0.9202898550724636,0.914591961710606,0.9163579268516632,0.9227067669172933,0.9197138314785374
Epilepsy,dcrnn,adaptive_nosvd_correlation_top50,noSVD,correlation,1024,204046,0.9565217391304348,0.9545271582925272,0.9557647226259128,0.9567876344086022,0.9549019607843138
Epilepsy,dcrnn,predefined_correlation_mean,,correlation,42,204037,0.9782608695652174,0.978549257759784,0.9779982006297796,0.9806005398110662,0.9779411764705882
Epilepsy,dcrnn,predefined_correlation_mean,,correlation,123,204037,1.0,1.0,1.0,1.0,1.0
Epilepsy,dcrnn,predefined_correlation_mean,,correlation,456,204037,0.9782608695652174,0.9773912725288908,0.9784206391884128,0.9797297297297296,0.9765765765765766
Epilepsy,dcrnn,predefined_correlation_mean,,correlation,789,204037,0.9782608695652174,0.9779508527367592,0.9781580337797828,0.9776029695384534,0.978537360890302
Epilepsy,dcrnn,predefined_correlation_mean,,correlation,1024,204037,0.9782608695652174,0.9777842304373798,0.9780092879822784,0.979114971050455,0.9779411764705882
Epilepsy,dcrnn,predefined_correlation_meanstd,,correlation,42,204037,0.9565217391304348,0.9545271582925272,0.9557647226259128,0.9567876344086022,0.9549019607843138
Epilepsy,dcrnn,predefined_correlation_meanstd,,correlation,123,204037,1.0,1.0,1.0,1.0,1.0
Epilepsy,dcrnn,predefined_correlation_meanstd,,correlation,456,204037,0.9782608695652174,0.9773912725288908,0.9784206391884128,0.9797297297297296,0.9765765765765766
Epilepsy,dcrnn,predefined_correlation_meanstd,,correlation,789,204037,0.9782608695652174,0.9777842304373798,0.9780092879822784,0.979114971050455,0.9779411764705882
Epilepsy,dcrnn,predefined_correlation_meanstd,,correlation,1024,204037,0.9782608695652174,0.9771393034825872,0.9781469464272838,0.977511961722488,0.9769607843137256
Epilepsy,dcrnn,predefined_correlation_nothresh,,correlation,42,204037,0.9565217391304348,0.9545271582925272,0.9557647226259128,0.9567876344086022,0.9549019607843138
Epilepsy,dcrnn,predefined_correlation_nothresh,,correlation,123,204037,0.9710144927536232,0.9705363796040026,0.9705915817373408,0.9731854838709676,0.9705882352941176
Epilepsy,dcrnn,predefined_correlation_nothresh,,correlation,456,204037,1.0,1.0,1.0,1.0,1.0
Epilepsy,dcrnn,predefined_correlation_nothresh,,correlation,789,204037,0.9855072463768116,0.9858452950558214,0.9854783533273236,0.9871794871794872,0.9852941176470588
Epilepsy,dcrnn,predefined_correlation_nothresh,,correlation,1024,204037,0.9782608695652174,0.9771393034825872,0.9781469464272838,0.977511961722488,0.9769607843137256
Epilepsy,dcrnn,predefined_correlation_top50,,correlation,42,204037,0.9782608695652174,0.978549257759784,0.9779982006297796,0.9806005398110662,0.9779411764705882
Epilepsy,dcrnn,predefined_correlation_top50,,correlation,123,204037,0.9855072463768116,0.9849925484351716,0.9853953649106892,0.9853565365025468,0.9852941176470588
Epilepsy,dcrnn,predefined_correlation_top50,,correlation,456,204037,0.9782608695652174,0.9787212787212788,0.9781826868783392,0.98125,0.9779411764705882
Epilepsy,dcrnn,predefined_correlation_top50,,correlation,789,204037,0.9782608695652174,0.9779508527367592,0.9781580337797828,0.9776029695384534,0.978537360890302
Epilepsy,dcrnn,predefined_correlation_top50,,correlation,1024,204037,0.9782608695652174,0.9777842304373798,0.9780092879822784,0.979114971050455,0.9779411764705882
Epilepsy,gconv_gru,adaptive_correlation_mean,SVD,correlation,42,105829,0.9492753623188406,0.9467773190913712,0.94905464485546,0.9473609387923904,0.9471648118706942
Epilepsy,gconv_gru,adaptive_correlation_mean,SVD,correlation,123,105829,0.9565217391304348,0.9565024270542802,0.9562482121147108,0.961904761904762,0.9549019607843138
Epilepsy,gconv_gru,adaptive_correlation_mean,SVD,correlation,456,105829,0.9565217391304348,0.955408653846154,0.9559062616127832,0.9589430894308943,0.9549019607843138
Epilepsy,gconv_gru,adaptive_correlation_mean,SVD,correlation,789,105829,0.9710144927536232,0.9699362041467304,0.9707660125280264,0.971033653846154,0.9696078431372548
Epilepsy,gconv_gru,adaptive_correlation_mean,SVD,correlation,1024,105829,0.9492753623188406,0.946352930223898,0.948153477606493,0.9491918103448276,0.9475490196078432
Epilepsy,gconv_gru,adaptive_correlation_meanstd,SVD,correlation,42,105829,0.9492753623188406,0.9472914655965504,0.9483923625706971,0.949921330718342,0.9465686274509804
Epilepsy,gconv_gru,adaptive_correlation_meanstd,SVD,correlation,123,105829,0.9565217391304348,0.9565024270542802,0.9562482121147108,0.961904761904762,0.9549019607843138
Epilepsy,gconv_gru,adaptive_correlation_meanstd,SVD,correlation,456,105829,0.9565217391304348,0.955408653846154,0.9559062616127832,0.9589430894308943,0.9549019607843138
Epilepsy,gconv_gru,adaptive_correlation_meanstd,SVD,correlation,789,105829,0.9637681159420288,0.9629867764293994,0.9628615380290364,0.9666065365025468,0.9632352941176472
Epilepsy,gconv_gru,adaptive_correlation_meanstd,SVD,correlation,1024,105829,0.9565217391304348,0.9551139374668788,0.9565217391304348,0.9551139374668788,0.9551139374668788
Epilepsy,gconv_gru,adaptive_correlation_nothresh,SVD,correlation,42,105829,0.9710144927536232,0.9692489199069458,0.9708785720134282,0.9700944806234654,0.9686274509803922
Epilepsy,gconv_gru,adaptive_correlation_nothresh,SVD,correlation,123,105829,0.9420289855072465,0.9396240687065311,0.9405487046220444,0.9451804915514592,0.9401960784313724
Epilepsy,gconv_gru,adaptive_correlation_nothresh,SVD,correlation,456,105829,0.9492753623188406,0.9471066274344964,0.9481838875994256,0.950860034184324,0.9475490196078432
Epilepsy,gconv_gru,adaptive_correlation_nothresh,SVD,correlation,789,105829,0.9637681159420288,0.9629867764293994,0.9628615380290364,0.9666065365025468,0.9632352941176472
Epilepsy,gconv_gru,adaptive_correlation_nothresh,SVD,correlation,1024,105829,0.9202898550724636,0.9172021374875596,0.9198340059329496,0.9238580047403576,0.9148118706942236
Epilepsy,gconv_gru,adaptive_correlation_top50,SVD,correlation,42,105829,0.9492753623188406,0.9467773190913712,0.94905464485546,0.9473609387923904,0.9471648118706942
Epilepsy,gconv_gru,adaptive_correlation_top50,SVD,correlation,123,105829,0.9637681159420288,0.9637114298131249,0.9636138037022342,0.9675452399685288,0.9622549019607844
Epilepsy,gconv_gru,adaptive_correlation_top50,SVD,correlation,456,105829,0.927536231884058,0.925204823713523,0.927978499013404,0.9253565062388592,0.926894541600424
Epilepsy,gconv_gru,adaptive_correlation_top50,SVD,correlation,789,105829,0.9710144927536232,0.9699362041467304,0.9707660125280264,0.971033653846154,0.9696078431372548
Epilepsy,gconv_gru,adaptive_correlation_top50,SVD,correlation,1024,105829,0.9492753623188406,0.946352930223898,0.948153477606493,0.9491918103448276,0.9475490196078432
Epilepsy,gconv_gru,adaptive_nosvd_correlation_mean,noSVD,correlation,42,105742,0.9492753623188406,0.9475445458496304,0.9486637819725512,0.950860034184324,0.9465686274509804
Epilepsy,gconv_gru,adaptive_nosvd_correlation_mean,noSVD,correlation,123,105742,0.9347826086956522,0.9323654608814332,0.933542013680228,0.9378720238095238,0.933439321674616
Epilepsy,gconv_gru,adaptive_nosvd_correlation_mean,noSVD,correlation,456,105742,0.9565217391304348,0.9557814992025518,0.9562443658553498,0.9568108974358976,0.9554981452040276
Epilepsy,gconv_gru,adaptive_nosvd_correlation_mean,noSVD,correlation,789,105742,0.9347826086956522,0.931209644874899,0.9319564340105976,0.9423890063424948,0.9338235294117648
Epilepsy,gconv_gru,adaptive_nosvd_correlation_mean,noSVD,correlation,1024,105742,0.9565217391304348,0.955831524797042,0.9563563206741618,0.959984756097561,0.9539215686274508
Epilepsy,gconv_gru,adaptive_nosvd_correlation_meanstd,noSVD,correlation,42,105742,0.9347826086956522,0.931796262808921,0.9333411955866552,0.9363300492610837,0.9318627450980392
Epilepsy,gconv_gru,adaptive_nosvd_correlation_meanstd,noSVD,correlation,123,105742,0.9347826086956522,0.9323654608814332,0.933542013680228,0.9378720238095238,0.933439321674616
Epilepsy,gconv_gru,adaptive_nosvd_correlation_meanstd,noSVD,correlation,456,105742,0.9565217391304348,0.9557814992025518,0.9562443658553498,0.9568108974358976,0.9554981452040276
Epilepsy,gconv_gru,adaptive_nosvd_correlation_meanstd,noSVD,correlation,789,105742,0.9057971014492754,0.8953434800493625,0.8988656186098641,0.9163992297817716,0.9044117647058824
Epilepsy,gconv_gru,adaptive_nosvd_correlation_meanstd,noSVD,correlation,1024,105742,0.9637681159420288,0.9637114298131249,0.9636138037022342,0.9675452399685288,0.9622549019607844
Epilepsy,gconv_gru,adaptive_nosvd_correlation_nothresh,noSVD,correlation,42,105742,0.9347826086956522,0.932320451264144,0.933924420457736,0.9371159754224272,0.9308823529411764
Epilepsy,gconv_gru,adaptive_nosvd_correlation_nothresh,noSVD,correlation,123,105742,0.9492753623188406,0.9471066274344964,0.9481838875994256,0.950860034184324,0.9475490196078432
Epilepsy,gconv_gru,adaptive_nosvd_correlation_nothresh,noSVD,correlation,456,105742,0.9420289855072465,0.9394017946161516,0.9418668631785804,0.9401889612469306,0.9388314785373608
Epilepsy,gconv_gru,adaptive_nosvd_correlation_nothresh,noSVD,correlation,789,105742,0.9420289855072465,0.9384941125924732,0.9411431492400844,0.9449976292081556,0.941772655007949
Epilepsy,gconv_gru,adaptive_nosvd_correlation_nothresh,noSVD,correlation,1024,105742,0.9565217391304348,0.955831524797042,0.9563563206741618,0.959984756097561,0.9539215686274508
Epilepsy,gconv_gru,adaptive_nosvd_correlation_top50,noSVD,correlation,42,105742,0.9492753623188406,0.9475445458496304,0.9486637819725512,0.950860034184324,0.9465686274509804
Epilepsy,gconv_gru,adaptive_nosvd_correlation_top50,noSVD,correlation,123,105742,0.9492753623188406,0.9490261411259868,0.9493527611073316,0.9522727272727272,0.947164811870694
Epilepsy,gconv_gru,adaptive_nosvd_correlation_top50,noSVD,correlation,456,105742,0.9565217391304348,0.9540271132376396,0.9560536717287288,0.9548878205128206,0.9539215686274508
Epilepsy,gconv_gru,adaptive_nosvd_correlation_top50,noSVD,correlation,789,105742,0.9347826086956522,0.931209644874899,0.9319564340105976,0.9423890063424948,0.9338235294117648
Epilepsy,gconv_gru,adaptive_nosvd_correlation_top50,noSVD,correlation,1024,105742,0.9565217391304348,0.955831524797042,0.9563563206741618,0.959984756097561,0.9539215686274508
Epilepsy,gconv_gru,predefined_correlation_mean,,correlation,42,105733,0.9927536231884058,0.9929353233830844,0.9927478549282572,0.993421052631579,0.9926470588235294
Epilepsy,gconv_gru,predefined_correlation_mean,,correlation,123,105733,0.9637681159420288,0.9623539542894382,0.9629875864097462,0.965625,0.9632352941176472
Epilepsy,gconv_gru,predefined_correlation_mean,,correlation,456,105733,0.9782608695652174,0.9781363898902586,0.9783569895229244,0.978957528957529,0.9775569687334392
Epilepsy,gconv_gru,predefined_correlation_mean,,correlation,789,105733,0.9565217391304348,0.9549214226633582,0.9553949245393843,0.959984756097561,0.9558823529411764
Epilepsy,gconv_gru,predefined_correlation_mean,,correlation,1024,105733,0.9855072463768116,0.9857575757575758,0.9853842775581904,0.986842105263158,0.9852941176470588
Epilepsy,gconv_gru,predefined_correlation_meanstd,,correlation,42,105733,0.9637681159420288,0.9626956376956376,0.9633554850946155,0.9648521505376344,0.9622549019607844
Epilepsy,gconv_gru,predefined_correlation_meanstd,,correlation,123,105733,0.9637681159420288,0.9623539542894382,0.9629875864097462,0.965625,0.9632352941176472
Epilepsy,gconv_gru,predefined_correlation_meanstd,,correlation,456,105733,0.9782608695652174,0.9781363898902586,0.9783569895229244,0.978957528957529,0.9775569687334392
Epilepsy,gconv_gru,predefined_correlation_meanstd,,correlation,789,105733,0.9927536231884058,0.9929353233830844,0.9927478549282572,0.993421052631579,0.9926470588235294
Epilepsy,gconv_gru,predefined_correlation_meanstd,,correlation,1024,105733,0.9710144927536232,0.970870936972632,0.97093739798235,0.9734375,0.9696078431372548
Epilepsy,gconv_gru,predefined_correlation_nothresh,,correlation,42,105733,0.9637681159420288,0.9643359453486036,0.9634769213745548,0.9702380952380952,0.9632352941176472
Epilepsy,gconv_gru,predefined_correlation_nothresh,,correlation,123,105733,0.9492753623188406,0.9484631147540984,0.9480547636018056,0.9570517629407352,0.9485294117647058
Epilepsy,gconv_gru,predefined_correlation_nothresh,,correlation,456,105733,0.9710144927536232,0.9702851570735822,0.9710469585995531,0.9696691176470588,0.9717806041335454
Epilepsy,gconv_gru,predefined_correlation_nothresh,,correlation,789,105733,0.9855072463768116,0.9857575757575758,0.9853842775581904,0.986842105263158,0.9852941176470588
Epilepsy,gconv_gru,predefined_correlation_nothresh,,correlation,1024,105733,0.9855072463768116,0.9857575757575758,0.9853842775581904,0.986842105263158,0.9852941176470588
Epilepsy,gconv_gru,predefined_correlation_top50,,correlation,42,105733,0.9565217391304348,0.9549214226633582,0.9553949245393843,0.959984756097561,0.9558823529411764
Epilepsy,gconv_gru,predefined_correlation_top50,,correlation,123,105733,0.9710144927536232,0.9697315365025468,0.9705331438694912,0.9715544871794872,0.9705882352941176
Epilepsy,gconv_gru,predefined_correlation_top50,,correlation,456,105733,0.9927536231884058,0.9921702960606802,0.992758942280756,0.9919354838709676,0.9926470588235294
Epilepsy,gconv_gru,predefined_correlation_top50,,correlation,789,105733,0.9855072463768116,0.9857575757575758,0.9853842775581904,0.986842105263158,0.9852941176470588
Epilepsy,gconv_gru,predefined_correlation_top50,,correlation,1024,105733,0.9782608695652174,0.9779020153469938,0.9781338456330484,0.9792663476874004,0.9769607843137256
Epilepsy,gconv_lstm,adaptive_correlation_mean,SVD,correlation,42,138725,0.9492753623188406,0.9471066274344964,0.9481838875994256,0.950860034184324,0.9475490196078432
Epilepsy,gconv_lstm,adaptive_correlation_mean,SVD,correlation,123,138725,0.9565217391304348,0.9562021312021312,0.9563914346523044,0.9586021505376344,0.9554981452040276
Epilepsy,gconv_lstm,adaptive_correlation_mean,SVD,correlation,456,138725,0.9420289855072465,0.9393819973130318,0.9411226854105414,0.9423049812030077,0.9382352941176472
Epilepsy,gconv_lstm,adaptive_correlation_mean,SVD,correlation,789,138725,0.9492753623188406,0.9463331204314812,0.947354329364308,0.9519437799043062,0.9485294117647058
Epilepsy,gconv_lstm,adaptive_correlation_mean,SVD,correlation,1024,138725,0.9202898550724636,0.9162628424657534,0.9199322513400834,0.9177244582043343,0.9183492315845256
Epilepsy,gconv_lstm,adaptive_correlation_meanstd,SVD,correlation,42,138725,0.9347826086956522,0.9337863911793488,0.9346019979771476,0.9347924421009098,0.9346316905140436
Epilepsy,gconv_lstm,adaptive_correlation_meanstd,SVD,correlation,123,138725,0.9565217391304348,0.9562021312021312,0.9563914346523044,0.9586021505376344,0.9554981452040276
Epilepsy,gconv_lstm,adaptive_correlation_meanstd,SVD,correlation,456,138725,0.9420289855072465,0.9393819973130318,0.9411226854105414,0.9423049812030077,0.9382352941176472
Epilepsy,gconv_lstm,adaptive_correlation_meanstd,SVD,correlation,789,138725,0.9130434782608696,0.9087811103940135,0.9104043844576803,0.9111544986544988,0.9119766825649178
Epilepsy,gconv_lstm,adaptive_correlation_meanstd,SVD,correlation,1024,138725,0.9420289855072465,0.9387932845997362,0.9416079883962072,0.9392852636167576,0.9398118706942236
Epilepsy,gconv_lstm,adaptive_correlation_nothresh,SVD,correlation,42,138725,0.9420289855072465,0.9394630730050934,0.9410662877389828,0.9406650641025642,0.9407922628510864
Epilepsy,gconv_lstm,adaptive_correlation_nothresh,SVD,correlation,123,138725,0.9492753623188406,0.9492725353742304,0.9487975088859392,0.9522920203735143,0.9481452040275572
Epilepsy,gconv_lstm,adaptive_correlation_nothresh,SVD,correlation,456,138725,0.9202898550724636,0.9145314825006624,0.9186884115576897,0.9241071428571428,0.9122549019607844
Epilepsy,gconv_lstm,adaptive_correlation_nothresh,SVD,correlation,789,138725,0.927536231884058,0.9252573166555884,0.9272108915027046,0.9299499055596616,0.923145204027557
Epilepsy,gconv_lstm,adaptive_correlation_nothresh,SVD,correlation,1024,138725,0.9347826086956522,0.9300855606258148,0.9315057252990194,0.9396190440232576,0.9338235294117648
Epilepsy,gconv_lstm,adaptive_correlation_top50,SVD,correlation,42,138725,0.9492753623188406,0.9471066274344964,0.9481838875994256,0.950860034184324,0.9475490196078432
Epilepsy,gconv_lstm,adaptive_correlation_top50,SVD,correlation,123,138725,0.9710144927536232,0.9700944806234654,0.9709553118177754,0.972473604826546,0.9686274509803922
Epilepsy,gconv_lstm,adaptive_correlation_top50,SVD,correlation,456,138725,0.9202898550724636,0.9155264215390798,0.9182733326927052,0.919376026272578,0.9161764705882351
Epilepsy,gconv_lstm,adaptive_correlation_top50,SVD,correlation,789,138725,0.9492753623188406,0.9463331204314812,0.947354329364308,0.9519437799043062,0.9485294117647058
Epilepsy,gconv_lstm,adaptive_correlation_top50,SVD,correlation,1024,138725,0.9202898550724636,0.9162628424657534,0.9199322513400834,0.9177244582043343,0.9183492315845256
Epilepsy,gconv_lstm,adaptive_nosvd_correlation_mean,noSVD,correlation,42,138638,0.927536231884058,0.9243718238283456,0.9271618425682696,0.9296703296703296,0.9221648118706942
Epilepsy,gconv_lstm,adaptive_nosvd_correlation_mean,noSVD,correlation,123,138638,0.9130434782608696,0.9092081201917268,0.9119848520846382,0.9152804119909382,0.9125728669846316
Epilepsy,gconv_lstm,adaptive_nosvd_correlation_mean,noSVD,correlation,456,138638,0.9420289855072465,0.939115076328191,0.9414959286377677,0.9390332474877254,0.9398118706942236
Epilepsy,gconv_lstm,adaptive_nosvd_correlation_mean,noSVD,correlation,789,138638,0.9492753623188406,0.9477350427350428,0.948054007184442,0.952076785740634,0.9475490196078432
Epilepsy,gconv_lstm,adaptive_nosvd_correlation_mean,noSVD,correlation,1024,138638,0.9347826086956522,0.934409169670776,0.9350709685687738,0.9353947543602716,0.9336512983571806
Epilepsy,gconv_lstm,adaptive_nosvd_correlation_meanstd,noSVD,correlation,42,138638,0.927536231884058,0.9279214490734664,0.9281131232905,0.9293492351568576,0.926894541600424
Epilepsy,gconv_lstm,adaptive_nosvd_correlation_meanstd,noSVD,correlation,123,138638,0.9130434782608696,0.9092081201917268,0.9119848520846382,0.9152804119909382,0.9125728669846316
Epilepsy,gconv_lstm,adaptive_nosvd_correlation_meanstd,noSVD,correlation,456,138638,0.9420289855072465,0.939115076328191,0.9414959286377677,0.9390332474877254,0.9398118706942236
Epilepsy,gconv_lstm,adaptive_nosvd_correlation_meanstd,noSVD,correlation,789,138638,0.927536231884058,0.9231169871794872,0.9260149572649572,0.9256097560975608,0.9235294117647058
Epilepsy,gconv_lstm,adaptive_nosvd_correlation_meanstd,noSVD,correlation,1024,138638,0.9130434782608696,0.9051523189454224,0.908925490634636,0.9165819783197832,0.9107843137254902
Epilepsy,gconv_lstm,adaptive_nosvd_correlation_nothresh,noSVD,correlation,42,138638,0.927536231884058,0.925632390466494,0.9270354917701176,0.9300595238095238,0.9241255961844196
Epilepsy,gconv_lstm,adaptive_nosvd_correlation_nothresh,noSVD,correlation,123,138638,0.9130434782608696,0.9113189322093432,0.9129752650896188,0.9142210857592448,0.9106120826709062
Epilepsy,gconv_lstm,adaptive_nosvd_correlation_nothresh,noSVD,correlation,456,138638,0.8840579710144928,0.8758639742816957,0.8807977566370521,0.8824092574092574,0.8790275569687334
Epilepsy,gconv_lstm,adaptive_nosvd_correlation_nothresh,noSVD,correlation,789,138638,0.9057971014492754,0.9003212195453927,0.902354781504035,0.907225997686524,0.9030471648118708
Epilepsy,gconv_lstm,adaptive_nosvd_correlation_nothresh,noSVD,correlation,1024,138638,0.9130434782608696,0.9136838917829656,0.914178778137246,0.9152027027027028,0.9133810280869106
Epilepsy,gconv_lstm,adaptive_nosvd_correlation_top50,noSVD,correlation,42,138638,0.927536231884058,0.9243718238283456,0.9271618425682696,0.9296703296703296,0.9221648118706942
Epilepsy,gconv_lstm,adaptive_nosvd_correlation_top50,noSVD,correlation,123,138638,0.927536231884058,0.9231860260281852,0.9255826434999356,0.9281663182591976,0.9260863804981452
Epilepsy,gconv_lstm,adaptive_nosvd_correlation_top50,noSVD,correlation,456,138638,0.8913043478260869,0.8859508962426352,0.8896562836826343,0.8894803750198633,0.8869766825649179
Epilepsy,gconv_lstm,adaptive_nosvd_correlation_top50,noSVD,correlation,789,138638,0.9492753623188406,0.9477350427350428,0.948054007184442,0.952076785740634,0.9475490196078432
Epilepsy,gconv_lstm,adaptive_nosvd_correlation_top50,noSVD,correlation,1024,138638,0.9347826086956522,0.934409169670776,0.9350709685687738,0.9353947543602716,0.9336512983571806
Epilepsy,gconv_lstm,predefined_correlation_mean,,correlation,42,138629,0.9782608695652174,0.9787212787212788,0.9781826868783392,0.98125,0.9779411764705882
Epilepsy,gconv_lstm,predefined_correlation_mean,,correlation,123,138629,0.9565217391304348,0.9565024270542802,0.9562482121147108,0.961904761904762,0.9549019607843138
Epilepsy,gconv_lstm,predefined_correlation_mean,,correlation,456,138629,0.9130434782608696,0.9063994374120956,0.9096006848896228,0.913128538128538,0.9098039215686275
Epilepsy,gconv_lstm,predefined_correlation_mean,,correlation,789,138629,0.9710144927536232,0.9716905901116428,0.9709567066546472,0.9729567307692308,0.9711844197138316
Epilepsy,gconv_lstm,predefined_correlation_mean,,correlation,1024,138629,0.9710144927536232,0.970870936972632,0.97093739798235,0.9734375,0.9696078431372548
Epilepsy,gconv_lstm,predefined_correlation_meanstd,,correlation,42,138629,0.9492753623188406,0.9480661040787624,0.948409058480605,0.9532840722495896,0.9475490196078432
Epilepsy,gconv_lstm,predefined_correlation_meanstd,,correlation,123,138629,0.9565217391304348,0.9565024270542802,0.9562482121147108,0.961904761904762,0.9549019607843138
Epilepsy,gconv_lstm,predefined_correlation_meanstd,,correlation,456,138629,0.9130434782608696,0.9063994374120956,0.9096006848896228,0.913128538128538,0.9098039215686275
Epilepsy,gconv_lstm,predefined_correlation_meanstd,,correlation,789,138629,0.9420289855072465,0.9402524840070776,0.9404188242070608,0.9463972431077694,0.9401960784313724
Epilepsy,gconv_lstm,predefined_correlation_meanstd,,correlation,1024,138629,0.9565217391304348,0.954820603125688,0.9561022372370936,0.9570043103448276,0.9539215686274508
Epilepsy,gconv_lstm,predefined_correlation_nothresh,,correlation,42,138629,0.9710144927536232,0.9703970223325062,0.970891502139749,0.971217105263158,0.9711844197138316
Epilepsy,gconv_lstm,predefined_correlation_nothresh,,correlation,123,138629,0.9782608695652174,0.9779897346452396,0.9782279214021812,0.9796037296037295,0.9769607843137256
Epilepsy,gconv_lstm,predefined_correlation_nothresh,,correlation,456,138629,0.9782608695652174,0.9779897346452396,0.9782279214021812,0.9796037296037295,0.9769607843137256
Epilepsy,gconv_lstm,predefined_correlation_nothresh,,correlation,789,138629,0.9782608695652174,0.9777842304373798,0.9780092879822784,0.979114971050455,0.9779411764705882
Epilepsy,gconv_lstm,predefined_correlation_nothresh,,correlation,1024,138629,0.9637681159420288,0.9637114298131249,0.9636138037022342,0.9675452399685288,0.9622549019607844
Epilepsy,gconv_lstm,predefined_correlation_top50,,correlation,42,138629,0.9782608695652174,0.9787212787212788,0.9781826868783392,0.98125,0.9779411764705882
Epilepsy,gconv_lstm,predefined_correlation_top50,,correlation,123,138629,0.9927536231884058,0.9921395234586096,0.9927447231923218,0.9928571428571428,0.9916666666666668
Epilepsy,gconv_lstm,predefined_correlation_top50,,correlation,456,138629,0.9637681159420288,0.963263368315842,0.9639257183002702,0.9654135338345864,0.9618706942236356
Epilepsy,gconv_lstm,predefined_correlation_top50,,correlation,789,138629,0.9927536231884058,0.9929353233830844,0.9927478549282572,0.993421052631579,0.9926470588235294
Epilepsy,gconv_lstm,predefined_correlation_top50,,correlation,1024,138629,0.9637681159420288,0.9626956376956376,0.9633554850946155,0.9648521505376344,0.9622549019607844
Epilepsy,hybrid_tgnn,adaptive_correlation_mean,SVD,correlation,42,105830,0.9782608695652174,0.977176411794103,0.9782168336121796,0.9791353383458647,0.9759803921568628
Epilepsy,hybrid_tgnn,adaptive_correlation_mean,SVD,correlation,123,105830,0.9710144927536232,0.9699362041467304,0.9707660125280264,0.971033653846154,0.9696078431372548
Epilepsy,hybrid_tgnn,adaptive_correlation_mean,SVD,correlation,456,105830,0.9710144927536232,0.970870936972632,0.97093739798235,0.9734375,0.9696078431372548
Epilepsy,hybrid_tgnn,adaptive_correlation_mean,SVD,correlation,789,105830,0.9420289855072465,0.9398521505376344,0.9400284400810348,0.9494912790697674,0.9411764705882352
Epilepsy,hybrid_tgnn,adaptive_correlation_mean,SVD,correlation,1024,105830,0.9710144927536232,0.9696438172043012,0.9704390681003584,0.971217105263158,0.9705882352941176
Epilepsy,hybrid_tgnn,adaptive_correlation_meanstd,SVD,correlation,42,105830,0.9710144927536232,0.9706989160111372,0.9707529117337907,0.9727880398110662,0.9696078431372548
Epilepsy,hybrid_tgnn,adaptive_correlation_meanstd,SVD,correlation,123,105830,0.9710144927536232,0.9699362041467304,0.9707660125280264,0.971033653846154,0.9696078431372548
Epilepsy,hybrid_tgnn,adaptive_correlation_meanstd,SVD,correlation,456,105830,0.9710144927536232,0.970870936972632,0.97093739798235,0.9734375,0.9696078431372548
Epilepsy,hybrid_tgnn,adaptive_correlation_meanstd,SVD,correlation,789,105830,0.9855072463768116,0.9858452950558214,0.9854783533273236,0.9871794871794872,0.9852941176470588
Epilepsy,hybrid_tgnn,adaptive_correlation_meanstd,SVD,correlation,1024,105830,0.9710144927536232,0.9699362041467304,0.9707660125280264,0.971033653846154,0.9696078431372548
Epilepsy,hybrid_tgnn,adaptive_correlation_nothresh,SVD,correlation,42,105830,0.9710144927536232,0.9703368393023566,0.9711786963661028,0.97240990990991,0.969223635400106
Epilepsy,hybrid_tgnn,adaptive_correlation_nothresh,SVD,correlation,123,105830,0.9782608695652174,0.9777842304373798,0.9780092879822784,0.979114971050455,0.9779411764705882
Epilepsy,hybrid_tgnn,adaptive_correlation_nothresh,SVD,correlation,456,105830,0.9855072463768116,0.9842364532019704,0.985464410651817,0.9861111111111112,0.9833333333333334
Epilepsy,hybrid_tgnn,adaptive_correlation_nothresh,SVD,correlation,789,105830,0.9782608695652174,0.9777842304373798,0.9780092879822784,0.979114971050455,0.9779411764705882
Epilepsy,hybrid_tgnn,adaptive_correlation_nothresh,SVD,correlation,1024,105830,0.9927536231884058,0.9929353233830844,0.9927478549282572,0.993421052631579,0.9926470588235294
Epilepsy,hybrid_tgnn,adaptive_correlation_top50,SVD,correlation,42,105830,0.9782608695652174,0.977176411794103,0.9782168336121796,0.9791353383458647,0.9759803921568628
Epilepsy,hybrid_tgnn,adaptive_correlation_top50,SVD,correlation,123,105830,0.9782608695652174,0.9777842304373798,0.9780092879822784,0.979114971050455,0.9779411764705882
Epilepsy,hybrid_tgnn,adaptive_correlation_top50,SVD,correlation,456,105830,0.9710144927536232,0.9715544871794872,0.9708519137866964,0.975609756097561,0.9705882352941176
Epilepsy,hybrid_tgnn,adaptive_correlation_top50,SVD,correlation,789,105830,0.9420289855072465,0.9398521505376344,0.9400284400810348,0.9494912790697674,0.9411764705882352
Epilepsy,hybrid_tgnn,adaptive_correlation_top50,SVD,correlation,1024,105830,0.9710144927536232,0.9696438172043012,0.9704390681003584,0.971217105263158,0.9705882352941176
Epilepsy,hybrid_tgnn,adaptive_nosvd_correlation_mean,noSVD,correlation,42,105743,0.9710144927536232,0.9715544871794872,0.9708519137866964,0.975609756097561,0.9705882352941176
Epilepsy,hybrid_tgnn,adaptive_nosvd_correlation_mean,noSVD,correlation,123,105743,0.9420289855072465,0.9410761752867016,0.9409126131094094,0.9452254641909814,0.9407922628510864
Epilepsy,hybrid_tgnn,adaptive_nosvd_correlation_mean,noSVD,correlation,456,105743,0.9782608695652174,0.9787212787212788,0.9781826868783392,0.98125,0.9779411764705882
Epilepsy,hybrid_tgnn,adaptive_nosvd_correlation_mean,noSVD,correlation,789,105743,0.9710144927536232,0.9705363796040026,0.9705915817373408,0.9731854838709676,0.9705882352941176
Epilepsy,hybrid_tgnn,adaptive_nosvd_correlation_mean,noSVD,correlation,1024,105743,0.9855072463768116,0.9850764373546028,0.985494145582576,0.9860681114551084,0.984313725490196
Epilepsy,hybrid_tgnn,adaptive_nosvd_correlation_meanstd,noSVD,correlation,42,105743,0.9492753623188406,0.9475445458496304,0.9486637819725512,0.950860034184324,0.9465686274509804
Epilepsy,hybrid_tgnn,adaptive_nosvd_correlation_meanstd,noSVD,correlation,123,105743,0.9420289855072465,0.9410761752867016,0.9409126131094094,0.9452254641909814,0.9407922628510864
Epilepsy,hybrid_tgnn,adaptive_nosvd_correlation_meanstd,noSVD,correlation,456,105743,0.9782608695652174,0.9787212787212788,0.9781826868783392,0.98125,0.9779411764705882
Epilepsy,hybrid_tgnn,adaptive_nosvd_correlation_meanstd,noSVD,correlation,789,105743,0.9710144927536232,0.9707501241927472,0.9707796424688798,0.9709650891341256,0.9711844197138316
Epilepsy,hybrid_tgnn,adaptive_nosvd_correlation_meanstd,noSVD,correlation,1024,105743,0.9855072463768116,0.984313725490196,0.9855072463768116,0.984313725490196,0.984313725490196
Epilepsy,hybrid_tgnn,adaptive_nosvd_correlation_nothresh,noSVD,correlation,42,105743,0.9710144927536232,0.970364358642508,0.9704070954887812,0.972536023682034,0.9705882352941176
Epilepsy,hybrid_tgnn,adaptive_nosvd_correlation_nothresh,noSVD,correlation,123,105743,0.9565217391304348,0.9565442110669584,0.9562312650611142,0.9585652834008098,0.9554981452040276
Epilepsy,hybrid_tgnn,adaptive_nosvd_correlation_nothresh,noSVD,correlation,456,105743,0.9710144927536232,0.9715544871794872,0.9708519137866964,0.975609756097561,0.9705882352941176
Epilepsy,hybrid_tgnn,adaptive_nosvd_correlation_nothresh,noSVD,correlation,789,105743,0.9637681159420288,0.9632398566824796,0.9631329574308904,0.9675452399685288,0.9632352941176472
Epilepsy,hybrid_tgnn,adaptive_nosvd_correlation_nothresh,noSVD,correlation,1024,105743,1.0,1.0,1.0,1.0,1.0
Epilepsy,hybrid_tgnn,adaptive_nosvd_correlation_top50,noSVD,correlation,42,105743,0.9710144927536232,0.9715544871794872,0.9708519137866964,0.975609756097561,0.9705882352941176
Epilepsy,hybrid_tgnn,adaptive_nosvd_correlation_top50,noSVD,correlation,123,105743,0.9637681159420288,0.9626956376956376,0.9633554850946155,0.9648521505376344,0.9622549019607844
Epilepsy,hybrid_tgnn,adaptive_nosvd_correlation_top50,noSVD,correlation,456,105743,0.9855072463768116,0.9850764373546028,0.985494145582576,0.9860681114551084,0.984313725490196
Epilepsy,hybrid_tgnn,adaptive_nosvd_correlation_top50,noSVD,correlation,789,105743,0.9710144927536232,0.9705363796040026,0.9705915817373408,0.9731854838709676,0.9705882352941176
Epilepsy,hybrid_tgnn,adaptive_nosvd_correlation_top50,noSVD,correlation,1024,105743,0.9855072463768116,0.9850764373546028,0.985494145582576,0.9860681114551084,0.984313725490196
Epilepsy,hybrid_tgnn,predefined_correlation_mean,,correlation,42,105830,0.9565217391304348,0.9550430219934865,0.9563731463044964,0.9591911764705884,0.9529411764705882
Epilepsy,hybrid_tgnn,predefined_correlation_mean,,correlation,123,105830,0.9637681159420288,0.9629771505376344,0.963289309646252,0.9646381578947368,0.963831478537361
Epilepsy,hybrid_tgnn,predefined_correlation_mean,,correlation,456,105830,0.9710144927536232,0.9705459770114944,0.971368482425454,0.9736842105263158,0.96981981981982
Epilepsy,hybrid_tgnn,predefined_correlation_mean,,correlation,789,105830,0.9782608695652174,0.9787212787212788,0.9781826868783392,0.98125,0.9779411764705882
Epilepsy,hybrid_tgnn,predefined_correlation_mean,,correlation,1024,105830,0.9782608695652174,0.9779897346452396,0.9782279214021812,0.9796037296037295,0.9769607843137256
Epilepsy,hybrid_tgnn,predefined_correlation_meanstd,,correlation,42,105830,0.9565217391304348,0.9545271582925272,0.9557647226259128,0.9567876344086022,0.9549019607843138
Epilepsy,hybrid_tgnn,predefined_correlation_meanstd,,correlation,123,105830,0.9637681159420288,0.9629771505376344,0.963289309646252,0.9646381578947368,0.963831478537361
Epilepsy,hybrid_tgnn,predefined_correlation_meanstd,,correlation,456,105830,0.9710144927536232,0.9705459770114944,0.971368482425454,0.9736842105263158,0.96981981981982
Epilepsy,hybrid_tgnn,predefined_correlation_meanstd,,correlation,789,105830,0.9492753623188406,0.9463331204314812,0.947354329364308,0.9519437799043062,0.9485294117647058
Epilepsy,hybrid_tgnn,predefined_correlation_meanstd,,correlation,1024,105830,0.9637681159420288,0.9634583495600444,0.96334238430038,0.9666065365025468,0.9622549019607844
Epilepsy,hybrid_tgnn,predefined_correlation_nothresh,,correlation,42,105830,0.9855072463768116,0.984313725490196,0.9855072463768116,0.984313725490196,0.984313725490196
Epilepsy,hybrid_tgnn,predefined_correlation_nothresh,,correlation,123,105830,0.9782608695652174,0.9787212787212788,0.9781826868783392,0.98125,0.9779411764705882
Epilepsy,hybrid_tgnn,predefined_correlation_nothresh,,correlation,456,105830,0.9565217391304348,0.955408653846154,0.9559062616127832,0.9589430894308943,0.9549019607843138
Epilepsy,hybrid_tgnn,predefined_correlation_nothresh,,correlation,789,105830,0.9710144927536232,0.9715544871794872,0.9708519137866964,0.975609756097561,0.9705882352941176
Epilepsy,hybrid_tgnn,predefined_correlation_nothresh,,correlation,1024,105830,0.9927536231884058,0.9921395234586096,0.9927447231923218,0.9928571428571428,0.9916666666666668
Epilepsy,hybrid_tgnn,predefined_correlation_top50,,correlation,42,105830,0.9565217391304348,0.9550430219934865,0.9563731463044964,0.9591911764705884,0.9529411764705882
Epilepsy,hybrid_tgnn,predefined_correlation_top50,,correlation,123,105830,0.9782608695652174,0.9787212787212788,0.9781826868783392,0.98125,0.9779411764705882
Epilepsy,hybrid_tgnn,predefined_correlation_top50,,correlation,456,105830,0.9855072463768116,0.9850764373546028,0.985494145582576,0.9860681114551084,0.984313725490196
Epilepsy,hybrid_tgnn,predefined_correlation_top50,,correlation,789,105830,0.9782608695652174,0.9787212787212788,0.9781826868783392,0.98125,0.9779411764705882
Epilepsy,hybrid_tgnn,predefined_correlation_top50,,correlation,1024,105830,0.9782608695652174,0.9779897346452396,0.9782279214021812,0.9796037296037295,0.9769607843137256
Epilepsy,cnn_bigru,none,none,none,42,554244,0.9637681159420288,0.9641675719216584,0.963720093656408,0.9648922146401986,0.9644276629570748
Epilepsy,cnn_bigru,none,none,none,123,554244,0.9782608695652174,0.9777842304373798,0.9780092879822784,0.979114971050455,0.9779411764705882
Epilepsy,cnn_bigru,none,none,none,456,554244,0.9710144927536232,0.9716905901116428,0.9709567066546472,0.9729567307692308,0.9711844197138316
Epilepsy,cnn_bigru,none,none,none,789,554244,0.9855072463768116,0.9849925484351716,0.9853953649106892,0.9853565365025468,0.9852941176470588
Epilepsy,cnn_bigru,none,none,none,1024,554244,0.9637681159420288,0.9612003968253968,0.9632844490453188,0.9640092879256966,0.9632352941176472
Epilepsy,lstm,none,none,none,42,565380,0.8333333333333334,0.8324295449295449,0.8314350303480739,0.8315792751276622,0.8370561738208797
Epilepsy,lstm,none,none,none,123,565380,0.8840579710144928,0.8766084125010413,0.8784934796966883,0.8831193693693694,0.8847376788553258
Epilepsy,lstm,none,none,none,456,565380,0.8695652173913043,0.8660485168144241,0.8668174600463955,0.8688067136342998,0.87241653418124
Epilepsy,lstm,none,none,none,789,565380,0.8188405797101449,0.8033009167904573,0.8042772348444317,0.8225385964064055,0.8203497615262321
Epilepsy,lstm,none,none,none,1024,565380,0.8405797101449275,0.8278248067721752,0.8303809081841118,0.8331521739130436,0.838659247482777
Epilepsy,tcn,none,none,none,42,203268,0.9782608695652174,0.9779508527367592,0.9781580337797828,0.9776029695384534,0.978537360890302
Epilepsy,tcn,none,none,none,123,203268,0.9420289855072465,0.93958172725296,0.94186440255529,0.9393150252525252,0.9413884472708004
Epilepsy,tcn,none,none,none,456,203268,0.9565217391304348,0.954657738095238,0.955825569358178,0.9557814992025518,0.9564785373608904
Epilepsy,tcn,none,none,none,789,203268,0.9492753623188406,0.9465972222222222,0.9483132045088566,0.9488096509021032,0.9491255961844196
Epilepsy,tcn,none,none,none,1024,203268,0.9492753623188406,0.9465972222222222,0.9483132045088566,0.9488096509021032,0.9491255961844196
Epilepsy,transformer,none,none,none,42,407108,0.9420289855072465,0.9444350654918858,0.9424931951135928,0.9468325791855204,0.9453497615262322
Epilepsy,transformer,none,none,none,123,407108,0.8913043478260869,0.8880039769408239,0.8887072274267818,0.8918417366946778,0.8932829888712241
Epilepsy,transformer,none,none,none,456,407108,0.9347826086956522,0.9345856699422064,0.934116825845622,0.9345638736263736,0.93620826709062
Epilepsy,transformer,none,none,none,789,407108,0.9202898550724636,0.9203947938322938,0.9200459866220736,0.9242419248516808,0.9195416004239534
Epilepsy,transformer,none,none,none,1024,407108,0.9492753623188406,0.94815948697673,0.9483803438206224,0.9484810104769782,0.9497217806041336
Epilepsy,a3tgcn,adaptive,SVD,none,42,105959,0.9637681159420288,0.9621472158657514,0.9636492775732652,0.9657509157509157,0.9602941176470589
Epilepsy,a3tgcn,adaptive,SVD,none,123,105959,0.9855072463768116,0.984313725490196,0.9855072463768116,0.984313725490196,0.984313725490196
Epilepsy,a3tgcn,adaptive,SVD,none,456,105959,0.9420289855072465,0.9392628205128206,0.9409606094388702,0.9422764227642276,0.9392156862745098
Epilepsy,a3tgcn,adaptive,SVD,none,789,105959,0.9347826086956522,0.9290783371279198,0.9325548137475236,0.9395448079658608,0.9338235294117648
Epilepsy,a3tgcn,adaptive,SVD,none,1024,105959,0.9492753623188406,0.9481748359167712,0.9481594546952192,0.952796052631579,0.9491255961844196
Epilepsy,a3tgcn,adaptive_binary,SVD,binary,42,105959,0.9565217391304348,0.9553162540651756,0.9562451965760664,0.956575682382134,0.9554981452040276
Epilepsy,a3tgcn,adaptive_binary,SVD,binary,123,105959,0.9202898550724636,0.9174375832865276,0.9176572067376516,0.9291706856362028,0.917156862745098
Epilepsy,a3tgcn,adaptive_binary,SVD,binary,456,105959,0.927536231884058,0.9254403535804072,0.926971224873331,0.9271011476802083,0.9247217806041336
Epilepsy,a3tgcn,adaptive_binary,SVD,binary,789,105959,0.9057971014492754,0.9001292683745761,0.9036637961447708,0.9142857142857144,0.9030471648118708
Epilepsy,a3tgcn,adaptive_binary,SVD,binary,1024,105959,0.9565217391304348,0.955831524797042,0.9563563206741618,0.959984756097561,0.9539215686274508
Epilepsy,a3tgcn,adaptive_correlation,SVD,correlation,42,105959,0.9420289855072465,0.9395292390624528,0.9417172504061376,0.9412813479623824,0.9388314785373608
Epilepsy,a3tgcn,adaptive_correlation,SVD,correlation,123,105959,0.9492753623188406,0.9486518970893972,0.948659884801189,0.9521863326741375,0.948145204027557
Epilepsy,a3tgcn,adaptive_correlation,SVD,correlation,456,105959,0.9492753623188406,0.9482920477257586,0.9491910970200804,0.9546130952380952,0.9455882352941176
Epilepsy,a3tgcn,adaptive_correlation,SVD,correlation,789,105959,0.9565217391304348,0.95453373015873,0.9561346905912124,0.9574303405572756,0.9564785373608904
Epilepsy,a3tgcn,adaptive_correlation,SVD,correlation,1024,105959,0.9782608695652174,0.9779897346452396,0.9782279214021812,0.9796037296037295,0.9769607843137256
Epilepsy,a3tgcn,adaptive_dtw,SVD,dtw,42,105959,0.9565217391304348,0.9546426786606697,0.9564294664262072,0.956484962406015,0.9535373608903022
Epilepsy,a3tgcn,adaptive_dtw,SVD,dtw,123,105959,0.927536231884058,0.9239251615963944,0.9259223735697828,0.932638888888889,0.9276629570747218
Epilepsy,a3tgcn,adaptive_dtw,SVD,dtw,456,105959,0.9710144927536232,0.9700067613252198,0.9708612360486424,0.9721362229102168,0.9686274509803922
Epilepsy,a3tgcn,adaptive_dtw,SVD,dtw,789,105959,0.855072463768116,0.843764057579847,0.8498104467784102,0.887402452619844,0.8553259141494436
Epilepsy,a3tgcn,adaptive_dtw,SVD,dtw,1024,105959,0.9565217391304348,0.9534901762374568,0.956040920428562,0.954449210801298,0.9529411764705882
Epilepsy,a3tgcn,adaptive_knn,SVD,knn,42,105959,0.9782608695652174,0.9779897346452396,0.9782279214021812,0.9796037296037295,0.9769607843137256
Epilepsy,a3tgcn,adaptive_knn,SVD,knn,123,105959,0.9637681159420288,0.9634583495600444,0.96334238430038,0.9666065365025468,0.9622549019607844
Epilepsy,a3tgcn,adaptive_knn,SVD,knn,456,105959,0.9420289855072465,0.94002644752376,0.9422116969954354,0.939709595959596,0.9410042395336512
Epilepsy,a3tgcn,adaptive_knn,SVD,knn,789,105959,0.9565217391304348,0.955408653846154,0.9559062616127832,0.9589430894308943,0.9549019607843138
Epilepsy,a3tgcn,adaptive_knn,SVD,knn,1024,105959,0.9565217391304348,0.954820603125688,0.9561022372370936,0.9570043103448276,0.9539215686274508
Epilepsy,a3tgcn,predefined,,none,42,105863,0.9565217391304348,0.956038047973532,0.9561609187135134,0.9565736417657046,0.9570747217806042
Epilepsy,a3tgcn,predefined,,none,123,105863,0.9130434782608696,0.9088215242762354,0.9107206600953348,0.9162001791312137,0.9088235294117648
Epilepsy,a3tgcn,predefined,,none,456,105863,0.9130434782608696,0.9094283852348368,0.9115697818362616,0.9116379310344828,0.9109962904080552
Epilepsy,a3tgcn,predefined,,none,789,105863,0.9130434782608696,0.9063994374120956,0.9096006848896228,0.913128538128538,0.9098039215686275
Epilepsy,a3tgcn,predefined,,none,1024,105863,0.9347826086956522,0.9343859886097328,0.9352308230939692,0.9446022727272728,0.9304981452040276
Epilepsy,a3tgcn,predefined_correlation,,correlation,42,105863,0.9782608695652174,0.978549257759784,0.9779982006297796,0.9806005398110662,0.9779411764705882
Epilepsy,a3tgcn,predefined_correlation,,correlation,123,105863,0.9855072463768116,0.9850764373546028,0.985494145582576,0.9860681114551084,0.984313725490196
Epilepsy,a3tgcn,predefined_correlation,,correlation,456,105863,0.9927536231884058,0.9929353233830844,0.9927478549282572,0.993421052631579,0.9926470588235294
Epilepsy,a3tgcn,predefined_correlation,,correlation,789,105863,0.9782608695652174,0.9779897346452396,0.9782279214021812,0.9796037296037295,0.9769607843137256
Epilepsy,a3tgcn,predefined_correlation,,correlation,1024,105863,0.9710144927536232,0.9715544871794872,0.9708519137866964,0.975609756097561,0.9705882352941176
Epilepsy,a3tgcn,predefined_dtw,,dtw,42,105863,0.9637681159420288,0.9618074821353508,0.9632068034919068,0.9626485568760612,0.9622549019607844
Epilepsy,a3tgcn,predefined_dtw,,dtw,123,105863,0.9202898550724636,0.9159218917283432,0.9185338322785728,0.9178879310344829,0.917753047164812
Epilepsy,a3tgcn,predefined_dtw,,dtw,456,105863,0.9130434782608696,0.910769051026667,0.9138206694765768,0.9109848484848484,0.9118044515103338
Epilepsy,a3tgcn,predefined_dtw,,dtw,789,105863,0.9057971014492754,0.897079463364293,0.9005471051883759,0.91068913923605,0.9050079491255962
Epilepsy,a3tgcn,predefined_dtw,,dtw,1024,105863,0.9420289855072465,0.9389141902305648,0.9416532171558768,0.9413340336134453,0.9378510863804982
Epilepsy,a3tgcn,predefined_knn_correlation,,correlation,42,105863,1.0,1.0,1.0,1.0,1.0
Epilepsy,a3tgcn,predefined_knn_correlation,,correlation,123,105863,1.0,1.0,1.0,1.0,1.0
Epilepsy,a3tgcn,predefined_knn_correlation,,correlation,456,105863,0.9927536231884058,0.9929353233830844,0.9927478549282572,0.993421052631579,0.9926470588235294
Epilepsy,a3tgcn,predefined_knn_correlation,,correlation,789,105863,0.9927536231884058,0.9929353233830844,0.9927478549282572,0.993421052631579,0.9926470588235294
Epilepsy,a3tgcn,predefined_knn_correlation,,correlation,1024,105863,0.9565217391304348,0.9568016729033678,0.9565073835523356,0.959375,0.9554981452040276
Epilepsy,dcrnn,adaptive,SVD,none,42,204133,0.9710144927536232,0.9699362041467304,0.9707660125280264,0.971033653846154,0.9696078431372548
Epilepsy,dcrnn,adaptive,SVD,none,123,204133,0.9565217391304348,0.9549214226633582,0.9553949245393843,0.959984756097561,0.9558823529411764
Epilepsy,dcrnn,adaptive,SVD,none,456,204133,0.9420289855072465,0.9396240687065311,0.9405487046220444,0.9451804915514592,0.9401960784313724
Epilepsy,dcrnn,adaptive,SVD,none,789,204133,0.9855072463768116,0.9850764373546028,0.985494145582576,0.9860681114551084,0.984313725490196
Epilepsy,dcrnn,adaptive,SVD,none,1024,204133,0.9420289855072465,0.9402153507830938,0.9411797399948384,0.944950738916256,0.9392156862745098
Epilepsy,dcrnn,adaptive_binary,SVD,binary,42,204133,0.9710144927536232,0.9699362041467304,0.9707660125280264,0.971033653846154,0.9696078431372548
Epilepsy,dcrnn,adaptive_binary,SVD,binary,123,204133,0.9565217391304348,0.9549214226633582,0.9553949245393843,0.959984756097561,0.9558823529411764
Epilepsy,dcrnn,adaptive_binary,SVD,binary,456,204133,0.9420289855072465,0.9396240687065311,0.9405487046220444,0.9451804915514592,0.9401960784313724
Epilepsy,dcrnn,adaptive_binary,SVD,binary,789,204133,0.9855072463768116,0.9850764373546028,0.985494145582576,0.9860681114551084,0.984313725490196
Epilepsy,dcrnn,adaptive_binary,SVD,binary,1024,204133,0.9420289855072465,0.9402153507830938,0.9411797399948384,0.944950738916256,0.9392156862745098
Epilepsy,dcrnn,adaptive_correlation,SVD,correlation,42,204133,0.9710144927536232,0.9699362041467304,0.9707660125280264,0.971033653846154,0.9696078431372548
Epilepsy,dcrnn,adaptive_correlation,SVD,correlation,123,204133,0.9565217391304348,0.9549214226633582,0.9553949245393843,0.959984756097561,0.9558823529411764
Epilepsy,dcrnn,adaptive_correlation,SVD,correlation,456,204133,0.9420289855072465,0.9396240687065311,0.9405487046220444,0.9451804915514592,0.9401960784313724
Epilepsy,dcrnn,adaptive_correlation,SVD,correlation,789,204133,0.9855072463768116,0.9850764373546028,0.985494145582576,0.9860681114551084,0.984313725490196
Epilepsy,dcrnn,adaptive_correlation,SVD,correlation,1024,204133,0.9420289855072465,0.9402153507830938,0.9411797399948384,0.944950738916256,0.9392156862745098
Epilepsy,dcrnn,adaptive_dtw,SVD,dtw,42,204133,0.9710144927536232,0.9699362041467304,0.9707660125280264,0.971033653846154,0.9696078431372548
Epilepsy,dcrnn,adaptive_dtw,SVD,dtw,123,204133,0.9565217391304348,0.9549214226633582,0.9553949245393843,0.959984756097561,0.9558823529411764
Epilepsy,dcrnn,adaptive_dtw,SVD,dtw,456,204133,0.9420289855072465,0.9396240687065311,0.9405487046220444,0.9451804915514592,0.9401960784313724
Epilepsy,dcrnn,adaptive_dtw,SVD,dtw,789,204133,0.9855072463768116,0.9850764373546028,0.985494145582576,0.9860681114551084,0.984313725490196
Epilepsy,dcrnn,adaptive_dtw,SVD,dtw,1024,204133,0.9420289855072465,0.9402153507830938,0.9411797399948384,0.944950738916256,0.9392156862745098
Epilepsy,dcrnn,adaptive_knn,SVD,knn,42,204133,0.9710144927536232,0.9699362041467304,0.9707660125280264,0.971033653846154,0.9696078431372548
Epilepsy,dcrnn,adaptive_knn,SVD,knn,123,204133,0.9565217391304348,0.9549214226633582,0.9553949245393843,0.959984756097561,0.9558823529411764
Epilepsy,dcrnn,adaptive_knn,SVD,knn,456,204133,0.9420289855072465,0.9396240687065311,0.9405487046220444,0.9451804915514592,0.9401960784313724
Epilepsy,dcrnn,adaptive_knn,SVD,knn,789,204133,0.9855072463768116,0.9850764373546028,0.985494145582576,0.9860681114551084,0.984313725490196
Epilepsy,dcrnn,adaptive_knn,SVD,knn,1024,204133,0.9420289855072465,0.9402153507830938,0.9411797399948384,0.944950738916256,0.9392156862745098
Epilepsy,dcrnn,predefined,,none,42,204037,0.8913043478260869,0.8875405508470025,0.8893168737137881,0.8873271889400922,0.8901298357180711
Epilepsy,dcrnn,predefined,,none,123,204037,0.8768115942028986,0.8701055814940578,0.8742287652862872,0.8718352725705667,0.8738473767885533
Epilepsy,dcrnn,predefined,,none,456,204037,0.9420289855072465,0.9396240687065311,0.9405487046220444,0.9451804915514592,0.9401960784313724
Epilepsy,dcrnn,predefined,,none,789,204037,0.9420289855072465,0.9418455108110282,0.9420155889421256,0.9460746951219512,0.9398118706942236
Epilepsy,dcrnn,predefined,,none,1024,204037,0.9492753623188406,0.9489983974358976,0.9490314938684504,0.9528455284552846,0.9481452040275572
Epilepsy,dcrnn,predefined_correlation,,correlation,42,204037,0.9565217391304348,0.9555542448033194,0.9552688761586744,0.9609662926001076,0.9558823529411764
Epilepsy,dcrnn,predefined_correlation,,correlation,123,204037,0.9855072463768116,0.9849925484351716,0.9853953649106892,0.9853565365025468,0.9852941176470588
Epilepsy,dcrnn,predefined_correlation,,correlation,456,204037,0.9637681159420288,0.9626956376956376,0.9633554850946155,0.9648521505376344,0.9622549019607844
Epilepsy,dcrnn,predefined_correlation,,correlation,789,204037,0.9637681159420288,0.9630099502487562,0.9636426562837984,0.9633572567783094,0.9628510863804982
Epilepsy,dcrnn,predefined_correlation,,correlation,1024,204037,0.9710144927536232,0.970870936972632,0.97093739798235,0.9734375,0.9696078431372548
Epilepsy,dcrnn,predefined_dtw,,dtw,42,204037,0.9420289855072465,0.9407399349354306,0.9416599923005068,0.9435515664423886,0.9398118706942236
Epilepsy,dcrnn,predefined_dtw,,dtw,123,204037,0.927536231884058,0.9268068887634104,0.927961767281238,0.9330357142857144,0.9237413884472708
Epilepsy,dcrnn,predefined_dtw,,dtw,456,204037,0.9710144927536232,0.9699362041467304,0.9707660125280264,0.971033653846154,0.9696078431372548
Epilepsy,dcrnn,predefined_dtw,,dtw,789,204037,0.9637681159420288,0.9631455665964614,0.9634699297673128,0.965625,0.963831478537361
Epilepsy,dcrnn,predefined_dtw,,dtw,1024,204037,0.9492753623188406,0.9488930923357152,0.9484367036042018,0.9528269893377466,0.9491255961844196
Epilepsy,dcrnn,predefined_knn_correlation,,correlation,42,204037,0.9637681159420288,0.964004884004884,0.9631218700783918,0.96903080872914,0.9632352941176472
Epilepsy,dcrnn,predefined_knn_correlation,,correlation,123,204037,0.9782608695652174,0.9777842304373798,0.9780092879822784,0.979114971050455,0.9779411764705882
Epilepsy,dcrnn,predefined_knn_correlation,,correlation,456,204037,1.0,1.0,1.0,1.0,1.0
Epilepsy,dcrnn,predefined_knn_correlation,,correlation,789,204037,0.9710144927536232,0.9715544871794872,0.9708519137866964,0.975609756097561,0.9705882352941176
Epilepsy,dcrnn,predefined_knn_correlation,,correlation,1024,204037,0.9565217391304348,0.953939393939394,0.955959595959596,0.9545504385964914,0.9539215686274508
Epilepsy,gconv_gru,adaptive,SVD,none,42,105829,0.9420289855072465,0.9403852288062816,0.9413700817362144,0.94559330872914,0.9382352941176472
Epilepsy,gconv_gru,adaptive,SVD,none,123,105829,0.9420289855072465,0.942088162978574,0.9419236114292696,0.9450498295305534,0.9413884472708004
Epilepsy,gconv_gru,adaptive,SVD,none,456,105829,0.9492753623188406,0.9476239463728678,0.9486643716039372,0.9485111662531018,0.9481452040275572
Epilepsy,gconv_gru,adaptive,SVD,none,789,105829,0.927536231884058,0.9243176178660052,0.925612255906786,0.9282175522648084,0.9260863804981452
Epilepsy,gconv_gru,adaptive,SVD,none,1024,105829,0.9492753623188406,0.948069634795772,0.9488620683035608,0.9499445937456374,0.947164811870694
Epilepsy,gconv_gru,adaptive_binary,SVD,binary,42,105829,0.9492753623188406,0.9480661040787624,0.948409058480605,0.9532840722495896,0.9475490196078432
Epilepsy,gconv_gru,adaptive_binary,SVD,binary,123,105829,0.9347826086956522,0.9323252688172043,0.9336079943899018,0.9395210409745294,0.9318627450980392
Epilepsy,gconv_gru,adaptive_binary,SVD,binary,456,105829,0.9565217391304348,0.9545177530471648,0.9565217391304348,0.9545177530471648,0.9545177530471648
Epilepsy,gconv_gru,adaptive_binary,SVD,binary,789,105829,0.9420289855072465,0.9385393101522134,0.9401632433329488,0.9423049812030077,0.9401960784313724
Epilepsy,gconv_gru,adaptive_binary,SVD,binary,1024,105829,0.9492753623188406,0.9475445458496304,0.9486637819725512,0.950860034184324,0.9465686274509804
Epilepsy,gconv_gru,adaptive_correlation,SVD,correlation,42,105829,0.9492753623188406,0.946352930223898,0.948153477606493,0.9491918103448276,0.9475490196078432
Epilepsy,gconv_gru,adaptive_correlation,SVD,correlation,123,105829,0.9565217391304348,0.9545271582925272,0.9557647226259128,0.9567876344086022,0.9549019607843138
Epilepsy,gconv_gru,adaptive_correlation,SVD,correlation,456,105829,0.9347826086956522,0.931796262808921,0.9333411955866552,0.9363300492610837,0.9318627450980392
Epilepsy,gconv_gru,adaptive_correlation,SVD,correlation,789,105829,0.9347826086956522,0.9320696721311474,0.9328492516037062,0.9397279875524436,0.932843137254902
Epilepsy,gconv_gru,adaptive_correlation,SVD,correlation,1024,105829,0.9565217391304348,0.9550430219934865,0.9563731463044964,0.9591911764705884,0.9529411764705882
Epilepsy,gconv_gru,adaptive_dtw,SVD,dtw,42,105829,0.9420289855072465,0.9402153507830938,0.9411797399948384,0.944950738916256,0.9392156862745098
Epilepsy,gconv_gru,adaptive_dtw,SVD,dtw,123,105829,0.9492753623188406,0.9492025518341308,0.9491886831703766,0.950400641025641,0.9487413884472709
Epilepsy,gconv_gru,adaptive_dtw,SVD,dtw,456,105829,0.9492753623188406,0.9484123032391272,0.949458702238171,0.9492943682598856,0.947760996290408
Epilepsy,gconv_gru,adaptive_dtw,SVD,dtw,789,105829,0.9492753623188406,0.9474241744706772,0.9477452649880804,0.9546130952380952,0.9485294117647058
Epilepsy,gconv_gru,adaptive_dtw,SVD,dtw,1024,105829,0.9347826086956522,0.931561249054094,0.9344068403442826,0.9339810924369748,0.9304981452040276
Epilepsy,gconv_gru,adaptive_knn,SVD,knn,42,105829,0.927536231884058,0.9267723566278052,0.9289377482564062,0.9390756302521008,0.9239533651298356
Epilepsy,gconv_gru,adaptive_knn,SVD,knn,123,105829,0.9565217391304348,0.9553162540651756,0.9562451965760664,0.956575682382134,0.9554981452040276
Epilepsy,gconv_gru,adaptive_knn,SVD,knn,456,105829,0.9492753623188406,0.9471066274344964,0.9481838875994256,0.950860034184324,0.9475490196078432
Epilepsy,gconv_gru,adaptive_knn,SVD,knn,789,105829,0.9565217391304348,0.954668342410278,0.9551235051375304,0.9590460526315788,0.9558823529411764
Epilepsy,gconv_gru,adaptive_knn,SVD,knn,1024,105829,0.9130434782608696,0.9103326780746136,0.9130152067038462,0.913109756097561,0.91120826709062
Epilepsy,gconv_gru,predefined,,none,42,105733,0.9420289855072465,0.9385179369810518,0.940937863514485,0.9403897849462366,0.9392156862745098
Epilepsy,gconv_gru,predefined,,none,123,105733,0.9202898550724636,0.914129545698348,0.9167155420090856,0.9234733893557424,0.9181372549019609
Epilepsy,gconv_gru,predefined,,none,456,105733,0.9492753623188406,0.9475445458496304,0.9486637819725512,0.950860034184324,0.9465686274509804
Epilepsy,gconv_gru,predefined,,none,789,105733,0.9202898550724636,0.914911352455212,0.9153562381530852,0.930921052631579,0.9191176470588236
Epilepsy,gconv_gru,predefined,,none,1024,105733,0.9202898550724636,0.9191387559808614,0.9199546956984028,0.9200320512820512,0.9189454160042396
Epilepsy,gconv_gru,predefined_correlation,,correlation,42,105733,0.9782608695652174,0.9779897346452396,0.9782279214021812,0.9796037296037295,0.9769607843137256
Epilepsy,gconv_gru,predefined_correlation,,correlation,123,105733,0.9637681159420288,0.9637114298131249,0.9636138037022342,0.9675452399685288,0.9622549019607844
Epilepsy,gconv_gru,predefined_correlation,,correlation,456,105733,0.9782608695652174,0.9777842304373798,0.9780092879822784,0.979114971050455,0.9779411764705882
Epilepsy,gconv_gru,predefined_correlation,,correlation,789,105733,0.9782608695652174,0.9777842304373798,0.9780092879822784,0.979114971050455,0.9779411764705882
Epilepsy,gconv_gru,predefined_correlation,,correlation,1024,105733,0.9782608695652174,0.9777842304373798,0.9780092879822784,0.979114971050455,0.9779411764705882
Epilepsy,gconv_gru,predefined_dtw,,dtw,42,105733,0.9202898550724636,0.9182983682983684,0.9194385324820108,0.9198252688172044,0.9183492315845256
Epilepsy,gconv_gru,predefined_dtw,,dtw,123,105733,0.9492753623188406,0.9475445458496304,0.9486637819725512,0.950860034184324,0.9465686274509804
Epilepsy,gconv_gru,predefined_dtw,,dtw,456,105733,0.9420289855072465,0.9392051664182812,0.9415925469952556,0.9392110568760612,0.9398118706942236
Epilepsy,gconv_gru,predefined_dtw,,dtw,789,105733,0.9347826086956522,0.9308035267314392,0.9315208870161624,0.9409318751424016,0.9338235294117648
Epilepsy,gconv_gru,predefined_dtw,,dtw,1024,105733,0.927536231884058,0.9226692786819368,0.9247145565252336,0.9303196803196804,0.9254901960784314
Epilepsy,gconv_gru,predefined_knn_correlation,,correlation,42,105733,0.9855072463768116,0.9858452950558214,0.9854783533273236,0.9871794871794872,0.9852941176470588
Epilepsy,gconv_gru,predefined_knn_correlation,,correlation,123,105733,0.9782608695652174,0.9777842304373798,0.9780092879822784,0.979114971050455,0.9779411764705882
Epilepsy,gconv_gru,predefined_knn_correlation,,correlation,456,105733,0.9855072463768116,0.9858903020667726,0.9855072463768116,0.9858903020667726,0.9858903020667726
Epilepsy,gconv_gru,predefined_knn_correlation,,correlation,789,105733,0.9855072463768116,0.9849925484351716,0.9853953649106892,0.9853565365025468,0.9852941176470588
Epilepsy,gconv_gru,predefined_knn_correlation,,correlation,1024,105733,0.9855072463768116,0.9857575757575758,0.9853842775581904,0.986842105263158,0.9852941176470588
Epilepsy,gconv_lstm,adaptive,SVD,none,42,138725,0.9420289855072465,0.9415859725070252,0.9425072617864378,0.946527777777778,0.9394276629570748
Epilepsy,gconv_lstm,adaptive,SVD,none,123,138725,0.9347826086956522,0.9337548296452408,0.9346772346176756,0.93671649619722,0.9330551139374668
Epilepsy,gconv_lstm,adaptive,SVD,none,456,138725,0.8840579710144928,0.874157080902755,0.878444403756698,0.8878215930794293,0.880988341282459
Epilepsy,gconv_lstm,adaptive,SVD,none,789,138725,0.9130434782608696,0.9058099861875606,0.9097961507423252,0.9227304227304228,0.9123608903020668
Epilepsy,gconv_lstm,adaptive,SVD,none,1024,138725,0.8768115942028986,0.8715376984126983,0.876771911663216,0.8731658692185007,0.8724827768945416
Epilepsy,gconv_lstm,adaptive_binary,SVD,binary,42,138725,0.927536231884058,0.925168258971076,0.9278433684434908,0.9263524159663866,0.9278749337572868
Epilepsy,gconv_lstm,adaptive_binary,SVD,binary,123,138725,0.927536231884058,0.9254261363636364,0.9274127140974966,0.9255120798319328,0.9278749337572868
Epilepsy,gconv_lstm,adaptive_binary,SVD,binary,456,138725,0.8985507246376812,0.8915098158267557,0.8954799973014909,0.9006739228513422,0.8931372549019608
Epilepsy,gconv_lstm,adaptive_binary,SVD,binary,789,138725,0.9057971014492754,0.8984147509578544,0.901187323005164,0.9102418771558918,0.9024509803921568
Epilepsy,gconv_lstm,adaptive_binary,SVD,binary,1024,138725,0.8768115942028986,0.8729817968215023,0.8775012314699229,0.8731060606060606,0.8740593534711183
Epilepsy,gconv_lstm,adaptive_correlation,SVD,correlation,42,138725,0.9130434782608696,0.9088352272727274,0.9106077075098814,0.9157909621338414,0.911976682564918
Epilepsy,gconv_lstm,adaptive_correlation,SVD,correlation,123,138725,0.9420289855072465,0.9415103088401328,0.94212239672138,0.9436520376175548,0.9404080551139375
Epilepsy,gconv_lstm,adaptive_correlation,SVD,correlation,456,138725,0.9565217391304348,0.955831524797042,0.9563563206741618,0.959984756097561,0.9539215686274508
Epilepsy,gconv_lstm,adaptive_correlation,SVD,correlation,789,138725,0.927536231884058,0.9239812875296746,0.9252515538069536,0.927126409774436,0.9260863804981452
Epilepsy,gconv_lstm,adaptive_correlation,SVD,correlation,1024,138725,0.9347826086956522,0.9317349173690848,0.9339559628826988,0.9323821339950372,0.932458929517753
Epilepsy,gconv_lstm,adaptive_dtw,SVD,dtw,42,138725,0.9347826086956522,0.9335087719298244,0.9340776760742436,0.9418706650346798,0.9308823529411764
Epilepsy,gconv_lstm,adaptive_dtw,SVD,dtw,123,138725,0.927536231884058,0.9261097643232558,0.9279605934616086,0.9299299299299298,0.9243375728669846
Epilepsy,gconv_lstm,adaptive_dtw,SVD,dtw,456,138725,0.9057971014492754,0.9010800930541708,0.9054859575861788,0.9016627522152236,0.9007021727609963
Epilepsy,gconv_lstm,adaptive_dtw,SVD,dtw,789,138725,0.927536231884058,0.9240915300546448,0.9256472242021064,0.9343437833142496,0.9245098039215688
Epilepsy,gconv_lstm,adaptive_dtw,SVD,dtw,1024,138725,0.9492753623188406,0.9466699966699966,0.948528283310892,0.9484543010752688,0.9465686274509804
Epilepsy,gconv_lstm,adaptive_knn,SVD,knn,42,138725,0.9565217391304348,0.955408653846154,0.9559062616127832,0.9589430894308943,0.9549019607843138
Epilepsy,gconv_lstm,adaptive_knn,SVD,knn,123,138725,0.9492753623188406,0.9480576462400776,0.94923850563425,0.9492672146401986,0.9487413884472709
Epilepsy,gconv_lstm,adaptive_knn,SVD,knn,456,138725,0.9347826086956522,0.9332081480422516,0.9345014557578208,0.9378720238095238,0.9314785373608904
Epilepsy,gconv_lstm,adaptive_knn,SVD,knn,789,138725,0.9637681159420288,0.9637114298131249,0.9636138037022342,0.9675452399685288,0.9622549019607844
Epilepsy,gconv_lstm,adaptive_knn,SVD,knn,1024,138725,0.9420289855072465,0.939635077566112,0.9413941048123956,0.9432436846689896,0.9382352941176472
Epilepsy,gconv_lstm,predefined,,none,42,138629,0.9057971014492754,0.9043935573275176,0.9060218067889656,0.904040404040404,0.9060280869104398
Epilepsy,gconv_lstm,predefined,,none,123,138629,0.9057971014492754,0.9018091479173762,0.9054586865203424,0.9046546546546546,0.9009141494435612
Epilepsy,gconv_lstm,predefined,,none,456,138629,0.8695652173913043,0.8659384384384384,0.8672946859903382,0.8651795336005863,0.869263381028087
Epilepsy,gconv_lstm,predefined,,none,789,138629,0.8840579710144928,0.880613416434312,0.8847644244140026,0.8822510822510823,0.8829888712241653
Epilepsy,gconv_lstm,predefined,,none,1024,138629,0.8840579710144928,0.8796687880374321,0.8835118608976383,0.8863867877500596,0.8782591414944357
Epilepsy,gconv_lstm,predefined_correlation,,correlation,42,138629,0.9492753623188406,0.9488930923357152,0.9484367036042018,0.9528269893377466,0.9491255961844196
Epilepsy,gconv_lstm,predefined_correlation,,correlation,123,138629,0.9637681159420288,0.9626956376956376,0.9633554850946155,0.9648521505376344,0.9622549019607844
Epilepsy,gconv_lstm,predefined_correlation,,correlation,456,138629,0.9565217391304348,0.956190727081138,0.956379204145732,0.9592119066351954,0.9554981452040276
Epilepsy,gconv_lstm,predefined_correlation,,correlation,789,138629,0.9565217391304348,0.9561713657105606,0.9558931608185476,0.9606974753958066,0.9549019607843138
Epilepsy,gconv_lstm,predefined_correlation,,correlation,1024,138629,0.9057971014492754,0.8979813583160504,0.9010147518674332,0.9057803599908864,0.9024509803921568
Epilepsy,gconv_lstm,predefined_dtw,,dtw,42,138629,0.9057971014492754,0.9049118204940948,0.9055119702071786,0.9040809275184276,0.9064122946475888
Epilepsy,gconv_lstm,predefined_dtw,,dtw,123,138629,0.9202898550724636,0.9187408818444076,0.920020330580871,0.9203629032258064,0.9189454160042396
Epilepsy,gconv_lstm,predefined_dtw,,dtw,456,138629,0.8913043478260869,0.8865924748277689,0.8913043478260869,0.8865924748277689,0.8865924748277689
Epilepsy,gconv_lstm,predefined_dtw,,dtw,789,138629,0.9202898550724636,0.9162228573482888,0.9172425108268416,0.9198497437661524,0.9203100158982512
Epilepsy,gconv_lstm,predefined_dtw,,dtw,1024,138629,0.9057971014492754,0.9018740505856734,0.9043895551412078,0.9099519974519976,0.9001059883412825
Epilepsy,gconv_lstm,predefined_knn_correlation,,correlation,42,138629,0.9637681159420288,0.9643359453486036,0.9634769213745548,0.9702380952380952,0.9632352941176472
Epilepsy,gconv_lstm,predefined_knn_correlation,,correlation,123,138629,0.9710144927536232,0.9695285588400224,0.9711979306349388,0.9736842105263158,0.9682432432432432
Epilepsy,gconv_lstm,predefined_knn_correlation,,correlation,456,138629,0.927536231884058,0.9231169871794872,0.9260149572649572,0.9256097560975608,0.9235294117647058
Epilepsy,gconv_lstm,predefined_knn_correlation,,correlation,789,138629,0.9927536231884058,0.9929353233830844,0.9927478549282572,0.993421052631579,0.9926470588235294
Epilepsy,gconv_lstm,predefined_knn_correlation,,correlation,1024,138629,0.9782608695652174,0.9779897346452396,0.9782279214021812,0.9796037296037295,0.9769607843137256
Epilepsy,hybrid_tgnn,adaptive,SVD,none,42,105830,0.9637681159420288,0.9632767520349416,0.963881767672844,0.9632936507936508,0.963447270800212
Epilepsy,hybrid_tgnn,adaptive,SVD,none,123,105830,0.9637681159420288,0.9623539542894382,0.9629875864097462,0.965625,0.9632352941176472
Epilepsy,hybrid_tgnn,adaptive,SVD,none,456,105830,0.9927536231884058,0.9929353233830844,0.9927478549282572,0.993421052631579,0.9926470588235294
Epilepsy,hybrid_tgnn,adaptive,SVD,none,789,105830,0.9710144927536232,0.9715544871794872,0.9708519137866964,0.975609756097561,0.9705882352941176
Epilepsy,hybrid_tgnn,adaptive,SVD,none,1024,105830,0.9927536231884058,0.9929353233830844,0.9927478549282572,0.993421052631579,0.9926470588235294
Epilepsy,hybrid_tgnn,adaptive_binary,SVD,binary,42,105830,0.9347826086956522,0.9311629370301696,0.9326547140181924,0.937541335978836,0.932843137254902
Epilepsy,hybrid_tgnn,adaptive_binary,SVD,binary,123,105830,0.8913043478260869,0.8889641299368638,0.8916621276686638,0.8899680468645985,0.8881690514043454
Epilepsy,hybrid_tgnn,adaptive_binary,SVD,binary,456,105830,0.9057971014492754,0.9018596137521224,0.9037109999753944,0.9043982977806508,0.9052199258081612
Epilepsy,hybrid_tgnn,adaptive_binary,SVD,binary,789,105830,0.9347826086956522,0.932698087431694,0.9327193711887226,0.9409447391087538,0.932843137254902
Epilepsy,hybrid_tgnn,adaptive_binary,SVD,binary,1024,105830,0.9565217391304348,0.955408653846154,0.9559062616127832,0.9589430894308943,0.9549019607843138
Epilepsy,hybrid_tgnn,adaptive_correlation,SVD,correlation,42,105830,0.9637681159420288,0.9632767520349416,0.963881767672844,0.9632936507936508,0.963447270800212
Epilepsy,hybrid_tgnn,adaptive_correlation,SVD,correlation,123,105830,0.9637681159420288,0.9623539542894382,0.9629875864097462,0.965625,0.9632352941176472
Epilepsy,hybrid_tgnn,adaptive_correlation,SVD,correlation,456,105830,0.9927536231884058,0.9929353233830844,0.9927478549282572,0.993421052631579,0.9926470588235294
Epilepsy,hybrid_tgnn,adaptive_correlation,SVD,correlation,789,105830,0.9710144927536232,0.9715544871794872,0.9708519137866964,0.975609756097561,0.9705882352941176
Epilepsy,hybrid_tgnn,adaptive_correlation,SVD,correlation,1024,105830,0.9927536231884058,0.9929353233830844,0.9927478549282572,0.993421052631579,0.9926470588235294
Epilepsy,hybrid_tgnn,adaptive_dtw,SVD,dtw,42,105830,0.9492753623188406,0.9479021894575704,0.9490679560012528,0.9528824833702882,0.9455882352941176
Epilepsy,hybrid_tgnn,adaptive_dtw,SVD,dtw,123,105830,0.9202898550724636,0.9204060361024252,0.9206832348993764,0.9214951404606576,0.9195416004239534
Epilepsy,hybrid_tgnn,adaptive_dtw,SVD,dtw,456,105830,0.9347826086956522,0.9339692039357184,0.9346837642065436,0.9354352544007716,0.9330551139374668
Epilepsy,hybrid_tgnn,adaptive_dtw,SVD,dtw,789,105830,0.8985507246376812,0.8905526224605171,0.8930423536544818,0.9046328142384764,0.8966746157922629
Epilepsy,hybrid_tgnn,adaptive_dtw,SVD,dtw,1024,105830,0.9565217391304348,0.955831524797042,0.9563563206741618,0.959984756097561,0.9539215686274508
Epilepsy,hybrid_tgnn,adaptive_knn,SVD,knn,42,105830,0.9855072463768116,0.9850764373546028,0.985494145582576,0.9860681114551084,0.984313725490196
Epilepsy,hybrid_tgnn,adaptive_knn,SVD,knn,123,105830,0.9710144927536232,0.9705363796040026,0.9705915817373408,0.9731854838709676,0.9705882352941176
Epilepsy,hybrid_tgnn,adaptive_knn,SVD,knn,456,105830,0.9782608695652174,0.9779897346452396,0.9782279214021812,0.9796037296037295,0.9769607843137256
Epilepsy,hybrid_tgnn,adaptive_knn,SVD,knn,789,105830,0.9420289855072465,0.9406828567167014,0.9405154459475844,0.9473082477535302,0.941772655007949
Epilepsy,hybrid_tgnn,adaptive_knn,SVD,knn,1024,105830,0.9855072463768116,0.9850764373546028,0.985494145582576,0.9860681114551084,0.984313725490196
Epilepsy,hybrid_tgnn,predefined,,none,42,105830,0.9347826086956522,0.9311629370301696,0.9326547140181924,0.937541335978836,0.932843137254902
Epilepsy,hybrid_tgnn,predefined,,none,123,105830,0.8913043478260869,0.8889641299368638,0.8916621276686638,0.8899680468645985,0.8881690514043454
Epilepsy,hybrid_tgnn,predefined,,none,456,105830,0.9057971014492754,0.9018596137521224,0.9037109999753944,0.9043982977806508,0.9052199258081612
Epilepsy,hybrid_tgnn,predefined,,none,789,105830,0.9347826086956522,0.932698087431694,0.9327193711887226,0.9409447391087538,0.932843137254902
Epilepsy,hybrid_tgnn,predefined,,none,1024,105830,0.9565217391304348,0.955408653846154,0.9559062616127832,0.9589430894308943,0.9549019607843138
Epilepsy,hybrid_tgnn,predefined_correlation,,correlation,42,105830,0.9637681159420288,0.9632767520349416,0.963881767672844,0.9632936507936508,0.963447270800212
Epilepsy,hybrid_tgnn,predefined_correlation,,correlation,123,105830,0.9637681159420288,0.9623539542894382,0.9629875864097462,0.965625,0.9632352941176472
Epilepsy,hybrid_tgnn,predefined_correlation,,correlation,456,105830,0.9927536231884058,0.9929353233830844,0.9927478549282572,0.993421052631579,0.9926470588235294
Epilepsy,hybrid_tgnn,predefined_correlation,,correlation,789,105830,0.9710144927536232,0.9715544871794872,0.9708519137866964,0.975609756097561,0.9705882352941176
Epilepsy,hybrid_tgnn,predefined_correlation,,correlation,1024,105830,0.9927536231884058,0.9929353233830844,0.9927478549282572,0.993421052631579,0.9926470588235294
Epilepsy,hybrid_tgnn,predefined_dtw,,dtw,42,105830,0.9492753623188406,0.9479021894575704,0.9490679560012528,0.9528824833702882,0.9455882352941176
Epilepsy,hybrid_tgnn,predefined_dtw,,dtw,123,105830,0.9202898550724636,0.9204060361024252,0.9206832348993764,0.9214951404606576,0.9195416004239534
Epilepsy,hybrid_tgnn,predefined_dtw,,dtw,456,105830,0.9347826086956522,0.9339692039357184,0.9346837642065436,0.9354352544007716,0.9330551139374668
Epilepsy,hybrid_tgnn,predefined_dtw,,dtw,789,105830,0.8985507246376812,0.8905526224605171,0.8930423536544818,0.9046328142384764,0.8966746157922629
Epilepsy,hybrid_tgnn,predefined_dtw,,dtw,1024,105830,0.9565217391304348,0.955831524797042,0.9563563206741618,0.959984756097561,0.9539215686274508
Epilepsy,hybrid_tgnn,predefined_knn_correlation,,correlation,42,105830,0.9855072463768116,0.9850764373546028,0.985494145582576,0.9860681114551084,0.984313725490196
Epilepsy,hybrid_tgnn,predefined_knn_correlation,,correlation,123,105830,0.9710144927536232,0.9705363796040026,0.9705915817373408,0.9731854838709676,0.9705882352941176
Epilepsy,hybrid_tgnn,predefined_knn_correlation,,correlation,456,105830,0.9782608695652174,0.9779897346452396,0.9782279214021812,0.9796037296037295,0.9769607843137256
Epilepsy,hybrid_tgnn,predefined_knn_correlation,,correlation,789,105830,0.9420289855072465,0.9406828567167014,0.9405154459475844,0.9473082477535302,0.941772655007949
Epilepsy,hybrid_tgnn,predefined_knn_correlation,,correlation,1024,105830,0.9855072463768116,0.9850764373546028,0.985494145582576,0.9860681114551084,0.984313725490196
